SER,SITE_ID,xingTYPE,xingTYPE,LOC,SiteID,TRANSECT,COND,TURBID,FINES,GRAVEL,COBBLE,BOULDER,sumROCK,meanROCK,WET_W,BANK_W,DEP_L,DEP_M,DEP_R,mean_DEPTH,VELO,TEMP,DO,pH,POOL,RIFF,RUN
101,UA_460,culvert,culvert,up,101culvertU,T0,214.3,4.55,40,15,15,30,60,20,4.81,6.12,0.14,0.27,0.23,0.213,0.113,19.7,7.6,8.35,NA,NA,NA
101,UA_460,culvert,culvert,up,101culvertU,T1,NA,NA,35,25,40,0,65,21.66666667,2.73,6.19,0.39,0.24,0.13,0.253,NA,NA,NA,NA,55,15,30
101,UA_460,culvert,culvert,up,101culvertU,T2,208.4,3.74,40,10,45,5,60,20,3.83,8.4,0.16,0.36,0.42,0.313,0.184,19.8,7.5,8.33,35,15,30
101,UA_460,culvert,culvert,up,101culvertU,T3,NA,NA,80,15,5,0,20,6.666666667,3.7,6.34,0.16,0.24,0.18,0.193,NA,NA,NA,NA,25,15,40
101,UA_460,culvert,culvert,up,101culvertU,T4,211.9,3.77,30,15,55,0,70,23.33333333,4.02,5.34,0.03,0.19,0.24,0.153,0.166,19.5,7.56,8.33,80,10,10
101,UA_460,culvert,culvert,up,101culvertU,T5,NA,NA,35,15,45,5,65,21.66666667,4.2,10.2,0.23,0.16,0.23,0.207,NA,NA,NA,NA,60,10,30
101,UA_460,culvert,culvert,up,101culvertU,T6,201.9,5.69,80,0,5,15,20,6.666666667,3.3,5.91,0.3,0.29,0.41,0.333,0.193,19.9,7.34,8.31,70,5,25
102,UA_327,culvert,culvert,up,102culvertU,T0,148.2,4.61,100,0,0,0,0,0,5,5.87,0.48,0.72,0.54,0.61,0.089,18.5,7.4,7.91,NA,NA,NA
102,UA_327,culvert,culvert,up,102culvertU,T1,NA,NA,100,0,0,0,0,0,4.2,4.2,0.35,0.31,0.42,0.42,NA,NA,NA,NA,80,10,10
102,UA_327,culvert,culvert,up,102culvertU,T2,145.3,4.34,90,10,0,0,10,3.333333333,4.2,6.34,0.71,0.74,0.31,0.587,0.076,18.9,7.13,7.9,80,10,10
102,UA_327,culvert,culvert,up,102culvertU,T3,NA,NA,85,5,10,0,15,5,3.2,4.8,0.28,0.3,0.21,0.31,NA,NA,NA,NA,50,10,40
102,UA_327,culvert,culvert,up,102culvertU,T4,142.8,4.18,25,65,10,0,75,25,4.2,5.13,0.07,0.11,0.17,0.19,0.102,18.9,7.23,7.95,50,15,35
102,UA_327,culvert,culvert,up,102culvertU,T5,NA,NA,20,30,35,15,80,26.66666667,3.56,4.58,0.1,0.23,0.14,0.157,NA,NA,NA,NA,60,20,20
102,UA_327,culvert,culvert,up,102culvertU,T6,142.3,4.19,10,55,30,5,90,30,4.3,5.63,0.25,0.19,0.2,0.213,0.096,19.2,7.2,7.95,55,15,30
103,UA_263,culvert,culvert,up,103culvertU,T0,270.1,11.2,100,0,0,0,0,0,2.22,3.08,0.3,0.24,0.11,0.25,0.123,18.7,7.8,7.89,NA,NA,NA
103,UA_263,culvert,culvert,up,103culvertU,T1,NA,NA,100,0,0,0,0,0,3.2,4.4,0.54,0.73,0.16,0.54,NA,NA,NA,NA,85,0,15
103,UA_263,culvert,culvert,up,103culvertU,T2,273.1,11.31,95,0,10,0,10,3.333333333,2.17,3.16,0.15,0.1,0.06,0.16,0.215,20,7.24,7.93,65,15,20
103,UA_263,culvert,culvert,up,103culvertU,T3,NA,NA,85,5,10,0,15,5,2.9,3.1,0.09,0.44,0.47,0.38,NA,NA,NA,NA,80,10,10
103,UA_263,culvert,culvert,up,103culvertU,T4,275.8,11.8,100,0,0,0,0,0,2.35,2.5,0.65,0.78,0.44,0.623,0.094,19.8,7.33,7.87,80,5,15
103,UA_263,culvert,culvert,up,103culvertU,T5,NA,NA,90,0,10,0,10,3.333333333,3.4,5.3,0.52,0.44,0.23,0.46,NA,NA,NA,NA,85,0,15
103,UA_263,culvert,culvert,up,103culvertU,T6,274.6,11.09,80,15,5,0,20,6.666666667,3.3,4.6,0.24,0.23,0.13,0.26,0.066,19.9,7.35,7.93,50,30,20
104,UA_256,culvert,culvert,up,104culvertU,T0,172,1.21,45,55,0,0,55,18.33333333,2.12,2.53,0,0.16,0.34,0.167,0.121,18.3,7.3,7.66,NA,NA,NA
104,UA_256,culvert,culvert,up,104culvertU,T1,NA,NA,90,10,0,0,10,3.333333333,1.22,1.22,0.33,0.39,0.35,0.41,NA,NA,NA,NA,80,0,20
104,UA_256,culvert,culvert,up,104culvertU,T2,170.6,1.1,95,5,0,0,5,1.666666667,1.5,1.54,0.19,0.25,0.03,0.24,0.093,18.6,7.22,7.82,90,0,10
104,UA_256,culvert,culvert,up,104culvertU,T3,NA,NA,100,0,0,0,0,0,1.73,1.73,0.28,0.33,0.21,0.31,NA,NA,NA,NA,80,5,15
104,UA_256,culvert,culvert,up,104culvertU,T4,171.8,1.23,75,25,0,0,25,8.333333333,1.42,2.61,0.16,0.31,0.09,0.21,0.1,18.7,7.18,7.76,80,0,20
104,UA_256,culvert,culvert,up,104culvertU,T5,NA,NA,95,5,0,0,5,1.666666667,1.73,1.92,0.12,0.18,0.13,0.19,NA,NA,NA,NA,80,5,15
104,UA_256,culvert,culvert,up,104culvertU,T6,170.1,1.08,35,45,20,0,65,21.66666667,1.68,1.97,0.09,0.12,0.13,0.18,0.081,18.8,7.04,7.69,100,0,0
106,UA_139,culvert,culvert,up,106culvertU,T0,215,1.94,25,10,25,40,75,25,1.43,2.11,0.08,0.24,0.2,0.21,0.101,10.4,10.73,8.42,NA,NA,NA
106,UA_139,culvert,culvert,up,106culvertU,T1,NA,NA,85,15,0,0,15,5,1.47,2.56,0.06,0.2,0.16,0.19,NA,NA,NA,NA,50,20,30
106,UA_139,culvert,culvert,up,106culvertU,T2,218.3,1.66,40,45,15,0,60,20,2.01,3.78,0.02,0.13,0,0.13,0.067,10.3,10.71,8.44,50,10,40
106,UA_139,culvert,culvert,up,106culvertU,T3,NA,NA,50,30,20,0,50,16.66666667,2.35,3.58,0.03,0.17,0.17,0.18,NA,NA,NA,NA,55,30,15
106,UA_139,culvert,culvert,up,106culvertU,T4,217.3,1.58,75,25,0,0,25,8.333333333,2.53,4.25,0,0.29,0.3,0.21,0.055,9.5,10.51,8.44,40,35,25
106,UA_139,culvert,culvert,up,106culvertU,T5,NA,NA,65,15,20,0,35,11.66666667,2.25,3.45,0.11,0.24,0.11,0.19,NA,NA,NA,NA,55,25,20
106,UA_139,culvert,culvert,up,106culvertU,T6,215.4,1.33,25,40,35,0,75,25,1.62,3.05,0.01,0.12,0.06,0.1,0.06,9.5,10.72,8.4,40,35,25
108,UA_448,culvert,culvert,up,108culvertU,T0,270.9,4.13,55,20,15,10,45,15,3.02,3.02,0.19,0.14,0.09,0.14,0.134,12.8,10.14,8.48,NA,NA,NA
108,UA_448,culvert,culvert,up,108culvertU,T1,NA,NA,50,25,25,0,50,16.66666667,2.9,3.16,0.23,0.54,0.22,0.33,NA,NA,NA,NA,60,20,20
108,UA_448,culvert,culvert,up,108culvertU,T2,268.4,3.54,30,45,25,0,70,23.33333333,1.98,5.2,0,0.06,0.2,0.19,0.128,12.5,10.3,8.48,40,40,20
108,UA_448,culvert,culvert,up,108culvertU,T3,NA,NA,45,10,30,15,55,18.33333333,2.3,4.1,0.28,0.16,0.06,0.18,NA,NA,NA,NA,60,20,20
108,UA_448,culvert,culvert,up,108culvertU,T4,270.6,3.99,70,30,0,0,30,10,2.4,6.4,0.23,0.5,0.43,0.52,0.201,12.5,9.78,8.48,40,25,35
108,UA_448,culvert,culvert,up,108culvertU,T5,NA,NA,50,50,0,0,50,16.66666667,4.2,4.5,0.44,0.2,0.24,0.39,NA,NA,NA,NA,55,25,20
108,UA_448,culvert,culvert,up,108culvertU,T6,270.3,3.5,30,20,40,10,70,23.33333333,3.1,4.31,0.21,0.42,0.06,0.31,0.143,12.3,9.95,8.48,40,30,30
109,UA_379,culvert,culvert,up,109culvertU,T0,199.1,1.71,90,10,0,0,10,3.333333333,3.1,3.39,0.3,0.7,0.19,0.397,0.103,16.2,8.92,7.94,NA,NA,NA
109,UA_379,culvert,culvert,up,109culvertU,T1,NA,NA,85,5,10,0,15,5,3.83,3.83,0.21,0.44,0.11,0.253,NA,NA,NA,NA,60,25,15
109,UA_379,culvert,culvert,up,109culvertU,T2,199.8,1.7,55,45,0,0,45,15,1.81,5.81,0.34,0.37,0.4,0.37,0.123,16.3,8.47,7.92,65,10,25
109,UA_379,culvert,culvert,up,109culvertU,T3,NA,NA,75,25,0,0,25,8.333333333,3.05,6.27,0.12,0.39,0.2,0.237,NA,NA,NA,NA,40,25,35
109,UA_379,culvert,culvert,up,109culvertU,T4,194.1,1.64,75,15,10,0,25,8.333333333,2.15,3.77,0.14,0.09,0,0.16,0.111,16.3,8.14,7.89,55,25,20
109,UA_379,culvert,culvert,up,109culvertU,T5,NA,NA,75,15,10,0,25,8.333333333,2.4,5.31,0.12,0.14,0,0.34,NA,NA,NA,NA,50,30,20
109,UA_379,culvert,culvert,up,109culvertU,T6,184.3,1.55,40,15,20,25,60,20,2.2,4.35,0,0.19,0,0.11,0.214,16.1,8.61,7.79,30,35,35
110,UA_271,culvert,culvert,up,110culvertU,T0,155.4,3.33,30,10,50,10,70,23.33333333,2.1,3.11,0.06,0.1,0.07,0.077,0.102,12.7,9.74,8.25,NA,NA,NA
110,UA_271,culvert,culvert,up,110culvertU,T1,NA,NA,20,40,40,0,80,26.66666667,2.56,4.56,0,0.17,0.08,0.083,NA,NA,NA,NA,40,20,40
110,UA_271,culvert,culvert,up,110culvertU,T2,154.1,3.41,35,50,15,0,65,21.66666667,1.67,4.31,0,0.17,0,0.16,0.261,12.6,9.61,8.21,60,10,30
110,UA_271,culvert,culvert,up,110culvertU,T3,NA,NA,30,35,35,0,70,23.33333333,2.5,7.73,0.16,0.07,0,0.101,NA,NA,NA,NA,15,60,25
110,UA_271,culvert,culvert,up,110culvertU,T4,155.8,3.81,25,60,15,0,75,25,1.82,6.38,0.2,0,0,0.99,0.259,12.9,9.78,8.18,25,45,30
110,UA_271,culvert,culvert,up,110culvertU,T5,NA,NA,35,50,15,0,65,21.66666667,4.1,4.21,0.1,0.1,0.06,0.13,NA,NA,NA,NA,30,55,15
110,UA_271,culvert,culvert,up,110culvertU,T6,155.9,3.43,20,50,30,0,80,26.66666667,3.6,9.5,0.02,0.14,0,0.16,0.248,12.4,9.85,8.17,30,60,10
111,UA_443,culvert,culvert,up,111culvertU,T0,301.4,4.94,80,0,0,20,20,6.666666667,1.03,1.03,0.2,0.23,0.28,0.237,0.07,21.1,8.11,7.85,NA,NA,NA
111,UA_443,culvert,culvert,up,111culvertU,T1,NA,NA,75,20,0,5,25,8.333333333,1.67,1.67,0.1,0.29,0.14,0.177,NA,NA,NA,NA,85,10,5
111,UA_443,culvert,culvert,up,111culvertU,T2,300.13,4.87,100,0,0,0,0,0,1.87,2.44,0.1,0.26,0.15,0.17,0.064,21.8,7.51,7.86,90,0,10
111,UA_443,culvert,culvert,up,111culvertU,T3,NA,NA,90,10,0,0,10,3.333333333,2,2.21,0.11,0.31,0.11,0.177,NA,NA,NA,NA,95,0,5
111,UA_443,culvert,culvert,up,111culvertU,T4,302.4,4.93,95,5,0,0,5,1.666666667,2.25,2.25,0.14,0.3,0.19,0.21,0.043,22.2,7.61,7.85,100,0,0
111,UA_443,culvert,culvert,up,111culvertU,T5,NA,NA,95,5,0,0,5,1.666666667,2.5,2.5,0.18,0.44,0.22,0.28,NA,NA,NA,NA,90,0,10
111,UA_443,culvert,culvert,up,111culvertU,T6,301.9,5.04,85,15,0,0,15,5,1.55,2.67,0.17,0.28,0,0.15,0.044,22.4,7.35,7.82,90,0,10
112,UA_479,culvert,culvert,up,112culvertU,T0,365.3,4.94,30,35,20,15,70,23.33333333,1.47,2.35,0,0.32,0.07,0.13,0.023,15.5,8.44,8.2,NA,NA,NA
112,UA_479,culvert,culvert,up,112culvertU,T1,NA,NA,20,30,35,15,80,26.66666667,0.7,1.83,0,0.11,0.5,0.203,NA,NA,NA,NA,50,35,15
112,UA_479,culvert,culvert,up,112culvertU,T2,366.1,4.3,20,40,25,15,80,26.66666667,2.1,2.9,0.1,0.2,0.07,0.123,0.011,14.7,6.64,7.98,50,40,10
112,UA_479,culvert,culvert,up,112culvertU,T3,NA,NA,45,55,0,0,55,18.33333333,1.83,1.85,0.08,0.37,0.08,0.34,NA,NA,NA,NA,55,35,10
112,UA_479,culvert,culvert,up,112culvertU,T4,368.6,4.13,70,30,0,0,30,10,1.86,2.25,0.25,0.3,0.61,0.387,0.01,15,6.8,7.89,65,30,5
112,UA_479,culvert,culvert,up,112culvertU,T5,NA,NA,65,35,0,0,35,11.66666667,1.5,3.2,0,0.9,0.13,0.343,NA,NA,NA,NA,70,20,10
112,UA_479,culvert,culvert,up,112culvertU,T6,371.5,4.43,50,35,15,0,50,16.66666667,0.42,1.4,0.11,0.09,0.03,0.077,0.013,15.3,6.17,8.02,60,30,10
118,UA_428,culvert,culvert,up,118culvertU,T0,386.4,6.15,80,0,20,0,20,6.666666667,1.01,2.2,0,0.12,0,0.13,0.103,16.9,9.23,8.2,NA,NA,NA
118,UA_428,culvert,culvert,up,118culvertU,T1,NA,NA,100,0,0,0,0,0,1.01,2.2,0,0.21,0.11,0.107,NA,NA,NA,NA,60,10,30
118,UA_428,culvert,culvert,up,118culvertU,T2,386.4,6.01,100,0,0,0,0,0,0.94,1.45,0,0.06,0.02,0.027,0.012,16.8,9.29,8.14,75,15,5
118,UA_428,culvert,culvert,up,118culvertU,T3,NA,NA,100,0,0,0,0,0,0.5,1.18,0,0.08,0.03,0.13,NA,NA,NA,NA,80,10,10
118,UA_428,culvert,culvert,up,118culvertU,T4,385.1,5.87,100,0,0,0,0,0,1.82,2.03,0,0.03,0.11,0.32,0.006,18.2,9.31,8.6,55,25,20
118,UA_428,culvert,culvert,up,118culvertU,T5,NA,NA,100,0,0,0,0,0,1.2,2.3,0,0.06,0.02,0.13,NA,NA,NA,NA,30,40,30
118,UA_428,culvert,culvert,up,118culvertU,T6,381.6,5.64,100,0,0,0,0,0,1.1,2.13,0.1,0.06,0.07,0.24,0.01,12.1,9.61,8.62,45,15,40
105,UA_385,dbridge,bridge,up,105bridgeU,T0,229.4,2.74,10,10,30,40,80,26.66666667,5.1,6.21,0.13,0.23,0.04,0.133,0.222,15.9,9.13,8.12,NA,NA,NA
105,UA_385,dbridge,bridge,up,105bridgeU,T1,NA,NA,20,15,50,15,80,26.66666667,3.61,5.82,0.46,0.2,0,0.22,NA,NA,NA,NA,20,40,40
105,UA_385,dbridge,bridge,up,105bridgeU,T2,228.1,2.2,35,40,25,0,65,21.66666667,5.11,5.48,0.18,0.32,0.17,0.223,0.43,17.7,9.01,8.1,50,25,25
105,UA_385,dbridge,bridge,up,105bridgeU,T3,NA,NA,40,35,25,0,60,20,5.48,7.21,0.27,0.16,0,0.143,NA,NA,NA,NA,30,40,30
105,UA_385,dbridge,bridge,up,105bridgeU,T4,230.4,2.91,20,45,30,5,80,26.66666667,3.69,4.93,0.11,0.2,0.21,0.173,0.11,15.5,9.22,8.11,40,35,25
105,UA_385,dbridge,bridge,up,105bridgeU,T5,NA,NA,70,30,0,0,30,10,5,6.5,0.81,0.32,0.15,0.427,NA,NA,NA,NA,60,20,20
105,UA_385,dbridge,bridge,up,105bridgeU,T6,227.3,2.88,50,25,25,0,50,16.66666667,6.11,7.58,0.17,0.39,0.23,0.263,0.388,15.7,9.06,8.11,50,25,25
107,UA_442,dbridge,bridge,up,107bridgeU,T0,285.3,1.5,20,45,45,0,90,30,1.91,4.66,0.2,0.13,0,0.11,0.16,10.4,10.91,8.57,NA,NA,NA
107,UA_442,dbridge,bridge,up,107bridgeU,T1,NA,NA,10,45,45,0,90,30,2.25,4.2,0,0.2,0,0.067,NA,NA,NA,NA,30,30,40
107,UA_442,dbridge,bridge,up,107bridgeU,T2,288.4,1.91,55,55,0,10,65,21.66666667,4.1,4.6,0.25,0.04,0.17,0.153,0.18,10.4,10.89,8.58,20,40,40
107,UA_442,dbridge,bridge,up,107bridgeU,T3,NA,NA,30,45,25,0,70,23.33333333,4.9,5.67,0.07,0.12,0,0.063,NA,NA,NA,NA,15,35,50
107,UA_442,dbridge,bridge,up,107bridgeU,T4,285.2,1.43,35,25,30,10,65,21.66666667,2.2,3.41,0,0.23,0.1,0.11,0.171,10.3,10.93,8.59,20,40,40
107,UA_442,dbridge,bridge,up,107bridgeU,T5,NA,NA,45,25,30,10,65,21.66666667,2.3,4.5,0,0.18,0.19,0.123,NA,NA,NA,NA,20,45,35
107,UA_442,dbridge,bridge,up,107bridgeU,T6,285.7,1.42,15,40,45,0,85,28.33333333,2.5,4.5,0,0.13,0.14,0.09,0.159,10.3,10.96,8.6,25,40,35
126,UA_154,dbridge,bridge,up,126bridgeU,T0,264.9,1.63,40,10,35,15,60,20,2.13,3.67,0.08,0.13,0.04,0.083,0.124,12.2,10.8,8.6,NA,NA,NA
126,UA_154,dbridge,bridge,up,126bridgeU,T1,NA,NA,30,20,30,20,70,23.33333333,1.17,4.4,0,0,0.1,0.31,NA,NA,NA,NA,20,40,40
126,UA_154,dbridge,bridge,up,126bridgeU,T2,263.4,1.4,25,35,35,5,75,25,2.3,3.78,0.17,0.06,0.04,0.09,0.102,12.2,10.82,8.62,40,30,30
126,UA_154,dbridge,bridge,up,126bridgeU,T3,NA,NA,40,20,40,0,60,20,2.08,3.47,0.13,0.11,0.03,0.09,NA,NA,NA,NA,60,25,15
126,UA_154,dbridge,bridge,up,126bridgeU,T4,268.9,1.29,20,45,35,0,80,26.66666667,2.3,3.42,0,0.06,0.02,0.027,0.173,12.1,10.8,8.6,20,35,45
126,UA_154,dbridge,bridge,up,126bridgeU,T5,NA,NA,40,40,20,0,60,20,2.06,2.86,0.12,0.21,0.03,0.12,NA,NA,NA,NA,30,20,50
126,UA_154,dbridge,bridge,up,126bridgeU,T6,265.1,1.2,20,50,20,10,80,26.66666667,1.62,2.9,0.09,0.1,0.08,0.09,0.2,12.1,10.7,8.62,30,40,30
127,UA_359,dbridge,bridge,up,127bridgeU,T0,210.9,2.21,15,35,35,15,85,28.33333333,1.96,2.31,0.16,0.11,0.02,0.098,0.227,13.6,9.89,8.6,NA,NA,NA
127,UA_359,dbridge,bridge,up,127bridgeU,T1,NA,NA,25,15,20,40,75,25,0.87,3.19,0.13,0.12,0,0.083,NA,NA,NA,NA,20,50,30
127,UA_359,dbridge,bridge,up,127bridgeU,T2,210.3,2.1,40,25,15,20,60,20,0.69,3.43,0.12,0.2,0.16,0.16,0.195,13.9,9.36,8.62,35,40,25
127,UA_359,dbridge,bridge,up,127bridgeU,T3,NA,NA,20,20,15,45,80,26.66666667,1.39,2.34,0.06,0.19,0.12,0.123,NA,NA,NA,NA,35,40,25
127,UA_359,dbridge,bridge,up,127bridgeU,T4,209.1,2.08,20,15,30,35,80,26.66666667,1.42,5.9,0.14,0.22,0.13,0.163,0.165,13.6,9.34,8.61,10,50,40
127,UA_359,dbridge,bridge,up,127bridgeU,T5,NA,NA,25,20,25,30,75,25,1.3,6.42,0.2,0.31,0.09,0.3,NA,NA,NA,NA,30,30,40
127,UA_359,dbridge,bridge,up,127bridgeU,T6,210.3,2.16,20,20,30,30,80,26.66666667,2.01,5.23,0,0.06,0.21,0.09,0.213,14.1,9.31,8.62,35,35,30
128,UA_357,dbridge,bridge,up,128bridgeU,T0,236.9,3,15,25,30,30,85,28.33333333,1.72,2.92,0.03,0.12,0.06,0.07,0.167,11,10.1,8.4,NA,NA,NA
128,UA_357,dbridge,bridge,up,128bridgeU,T1,NA,NA,20,25,40,15,80,26.66666667,2.2,2.95,0.04,0.1,0,0.047,NA,NA,NA,NA,35,45,20
128,UA_357,dbridge,bridge,up,128bridgeU,T2,237.4,3.15,30,35,35,0,70,23.33333333,1.8,4.5,0.08,0.08,0.04,0.067,0.217,11.1,10.09,8.42,40,35,25
128,UA_357,dbridge,bridge,up,128bridgeU,T3,NA,NA,50,30,20,0,50,16.66666667,1.45,3.55,0.12,0.08,0,0.067,NA,NA,NA,NA,45,30,25
128,UA_357,dbridge,bridge,up,128bridgeU,T4,240.4,3.21,45,35,20,0,55,18.33333333,2.2,2.65,0.01,0.08,0.12,0.07,0.14,11.2,10.01,8.67,45,35,20
128,UA_357,dbridge,bridge,up,128bridgeU,T5,NA,NA,30,40,30,0,70,23.33333333,1.96,2.9,0.04,0.1,0.2,0.113,NA,NA,NA,NA,45,30,25
128,UA_357,dbridge,bridge,up,128bridgeU,T6,244,3.01,30,40,20,10,70,23.33333333,2.01,3.12,0.06,0.09,0.6,0.25,0.204,11,10.68,8.4,20,60,20
129,UA_398,dbridge,bridge,up,129bridgeU,T0,392.3,3.42,30,50,20,0,70,23.33333333,1.42,3.01,0.31,0.17,0.08,0.187,0.076,12.1,8.91,8.4,NA,NA,NA
129,UA_398,dbridge,bridge,up,129bridgeU,T1,NA,NA,30,20,35,15,70,23.33333333,1.8,1.86,0.08,0.06,0.02,0.053,NA,NA,NA,NA,45,30,25
129,UA_398,dbridge,bridge,up,129bridgeU,T2,290.9,3.34,25,30,25,20,75,25,2.2,2.96,0.03,0.1,0.02,0.05,0.084,12.2,8.3,8.42,35,30,35
129,UA_398,dbridge,bridge,up,129bridgeU,T3,NA,NA,40,30,20,10,60,20,1.51,2.05,0.08,0.05,0,0.043,NA,NA,NA,NA,40,35,25
129,UA_398,dbridge,bridge,up,129bridgeU,T4,290.1,3.24,30,30,20,20,70,23.33333333,1.54,2.32,0,0.08,0.07,0.05,0.122,12.1,8.51,8.4,35,40,25
129,UA_398,dbridge,bridge,up,129bridgeU,T5,NA,NA,25,25,35,15,75,25,1.25,1.9,0.05,0.1,0.02,0.057,NA,NA,NA,NA,40,25,35
129,UA_398,dbridge,bridge,up,129bridgeU,T6,287.6,3.15,35,55,10,0,65,21.66666667,2.5,2.77,0.08,0.21,0.06,0.117,0.087,12,8.62,8.4,40,25,35
130,UA_298,dbridge,bridge,up,130bridgeU,T0,210.3,4.64,30,35,20,15,70,23.33333333,1.64,3.48,0.21,0.2,0.08,0.163,0.274,13.1,9.94,8.71,NA,NA,NA
130,UA_298,dbridge,bridge,up,130bridgeU,T1,NA,NA,45,35,10,15,60,20,2.31,4.21,0.02,0.09,0.04,0.05,NA,NA,NA,NA,35,45,20
130,UA_298,dbridge,bridge,up,130bridgeU,T2,212.4,4.6,25,30,30,15,75,25,2.06,3.98,0.06,0.21,0.12,0.13,0.25,12.2,9.9,8.69,25,40,35
130,UA_298,dbridge,bridge,up,130bridgeU,T3,NA,NA,30,40,20,10,70,23.33333333,1.73,4.62,1.1,0.19,0.17,0.487,NA,NA,NA,NA,25,30,45
130,UA_298,dbridge,bridge,up,130bridgeU,T4,210.4,4.64,30,25,40,20,85,28.33333333,1.99,3.63,0.07,0.17,0.06,0.1,0.198,12.1,10.02,8.67,20,35,45
130,UA_298,dbridge,bridge,up,130bridgeU,T5,NA,NA,35,25,40,0,65,21.66666667,2.14,4.06,0.9,0.12,0,0.34,NA,NA,NA,NA,50,35,15
130,UA_298,dbridge,bridge,up,130bridgeU,T6,208.4,4.51,40,30,30,0,60,20,2.16,4.21,1.3,0.21,0.07,0.527,0.312,12,9.97,8.74,30,20,50
131,UA_349,dbridge,bridge,up,131bridgeU,T0,290.9,1.85,30,30,20,20,70,23.33333333,1.34,3.21,0.08,0.09,0.1,0.09,0.168,13.1,11.58,8.7,NA,NA,NA
131,UA_349,dbridge,bridge,up,131bridgeU,T1,NA,NA,40,25,20,15,60,20,1.6,2.9,0.12,0.06,0.19,0.123,NA,NA,NA,NA,30,20,50
131,UA_349,dbridge,bridge,up,131bridgeU,T2,287.4,1.75,25,30,40,5,75,25,1.3,3.79,0.08,0.13,0.06,0.09,0.171,9.7,11.58,8.7,40,35,25
131,UA_349,dbridge,bridge,up,131bridgeU,T3,NA,NA,25,35,30,10,75,25,1.68,3.62,0.1,0.16,0.04,0.1,NA,NA,NA,NA,25,35,40
131,UA_349,dbridge,bridge,up,131bridgeU,T4,289.9,1.8,30,30,40,0,70,23.33333333,1.2,4.1,0.13,0.06,0.14,0.11,0.192,9.6,11.33,8.72,30,35,35
131,UA_349,dbridge,bridge,up,131bridgeU,T5,NA,NA,10,40,30,20,90,30,2.1,3.9,0.21,0.04,0,0.083,NA,NA,NA,NA,40,25,35
131,UA_349,dbridge,bridge,up,131bridgeU,T6,286.4,1.4,15,40,20,25,85,28.33333333,1.6,4.61,0.08,0.02,0,0.033,0.183,9.6,11.3,8.74,40,25,35
132,UA_282,dbridge,bridge,up,132bridgeU,T0,212.9,4.96,40,30,30,0,60,20,2.31,9.21,0.11,0.09,0.21,0.137,0.151,13.3,9.78,8.3,NA,NA,NA
132,UA_282,dbridge,bridge,up,132bridgeU,T1,NA,NA,40,15,25,20,60,20,4,4.53,0,0.16,0.18,0.113,NA,NA,NA,NA,25,30,45
132,UA_282,dbridge,bridge,up,132bridgeU,T2,210.6,4.48,45,15,40,0,55,18.33333333,2.5,5.61,0.03,0.036,0.02,0.029,0.182,13.3,9.78,8.39,35,50,15
132,UA_282,dbridge,bridge,up,132bridgeU,T3,NA,NA,40,15,25,20,60,20,4,5.41,0.44,0.36,0.03,0.277,NA,NA,NA,NA,30,30,40
132,UA_282,dbridge,bridge,up,132bridgeU,T4,211.1,4.84,25,35,35,5,75,25,3.25,5.33,0,0.38,0.1,0.16,0.151,13.4,8.27,8.38,30,45,25
132,UA_282,dbridge,bridge,up,132bridgeU,T5,NA,NA,20,30,30,20,80,26.66666667,4.1,6.31,0.31,0.3,0,0.203,NA,NA,NA,NA,20,60,20
132,UA_282,dbridge,bridge,up,132bridgeU,T6,209.4,4.32,35,35,10,20,65,21.66666667,3.61,3.23,0.21,0.18,0.06,0.15,0.191,13.2,9.72,8.23,40,30,30
133,UA_144,dbridge,bridge,up,133bridgeU,T0,119.8,1.3,10,40,30,20,90,30,3.06,7.21,0,0.11,0.21,0.107,0.103,11.3,8.7,8.3,NA,NA,NA
133,UA_144,dbridge,bridge,up,133bridgeU,T1,NA,NA,10,40,40,10,90,30,3.8,6.2,0,0.04,0.1,0.047,NA,NA,NA,NA,45,25,30
133,UA_144,dbridge,bridge,up,133bridgeU,T2,120.4,1.23,10,40,40,10,90,30,2.6,3.9,0.25,0.08,0,0.11,0.162,11.3,8.78,8.3,45,20,35
133,UA_144,dbridge,bridge,up,133bridgeU,T3,NA,NA,40,30,25,5,60,20,2.2,5.21,0,0.12,0.14,0.087,NA,NA,NA,NA,40,40,20
133,UA_144,dbridge,bridge,up,133bridgeU,T4,118.4,1.08,10,25,45,20,90,30,3.05,3.05,0.12,0.18,0,0.1,0.151,11.2,8.79,8.3,35,35,30
133,UA_144,dbridge,bridge,up,133bridgeU,T5,NA,NA,25,25,35,15,75,25,3.8,4.2,0,0.14,0,0.047,NA,NA,NA,NA,35,40,25
133,UA_144,dbridge,bridge,up,133bridgeU,T6,113,1.01,40,15,35,10,60,20,3.07,6.07,0.3,0.41,0.36,0.357,0.13,11,8.84,8.23,40,20,40
134,UA_372,dbridge,bridge,up,134bridgeU,T0,239.4,4.31,50,20,30,0,50,16.66666667,1.21,1.31,0.12,0.23,0.19,0.18,0.062,11.3,8.76,7.87,NA,NA,NA
134,UA_372,dbridge,bridge,up,134bridgeU,T1,NA,NA,50,35,15,0,50,16.66666667,1.1,1.16,0.16,0.32,0.2,0.227,NA,NA,NA,NA,35,15,50
134,UA_372,dbridge,bridge,up,134bridgeU,T2,238.9,4.15,40,40,20,0,60,20,1.05,1.18,0.14,0.17,0.1,0.137,0.11,16.8,8.21,7.87,35,15,50
134,UA_372,dbridge,bridge,up,134bridgeU,T3,NA,NA,45,40,15,0,55,18.33333333,1.12,1.12,0.13,0.21,0,0.113,NA,NA,NA,NA,40,20,40
134,UA_372,dbridge,bridge,up,134bridgeU,T4,239.3,4.07,50,40,10,0,50,16.66666667,1.21,1.21,0.02,0.09,0,0.037,0.099,18.2,7.3,7.8,30,20,50
134,UA_372,dbridge,bridge,up,134bridgeU,T5,NA,NA,45,35,10,10,55,18.33333333,0.96,0.96,0,0.09,0.31,0.133,NA,NA,NA,NA,30,20,50
134,UA_372,dbridge,bridge,up,134bridgeU,T6,239.5,4.23,40,30,25,5,60,20,1.05,1.11,0.15,0.12,0.12,0.13,0.082,19.1,7.1,7.85,40,20,40
136,ref_1,ref,ref,up,136refU,T0,319.2,1.12,30,25,35,10,70,23.33333333,2.9,4.38,0.11,0.1,0.06,0.09,0.12,9.5,11.22,8.52,NA,NA,NA
136,ref_1,ref,ref,up,136refU,T1,NA,NA,30,20,40,10,70,23.33333333,2.6,4.09,0.09,0.1,0.07,0.087,NA,NA,NA,NA,45,20,35
136,ref_1,ref,ref,up,136refU,T2,318.4,1.05,20,35,40,5,80,26.66666667,3.16,4.4,0,0.07,0.2,0.09,0.104,9.1,11.32,8.54,40,35,25
136,ref_1,ref,ref,up,136refU,T3,NA,NA,25,25,35,15,75,25,2.17,4.69,0,0.08,0,0.027,NA,NA,NA,NA,25,50,25
136,ref_1,ref,ref,up,136refU,T4,217.9,0.98,30,40,30,0,70,23.33333333,2.67,4.82,0,0.08,0.13,0.01,0.08,9.6,11.62,8.56,30,55,15
136,ref_1,ref,ref,up,136refU,T5,NA,NA,30,60,10,0,70,23.33333333,2.57,3.91,0.08,0.21,0.18,0.12,NA,NA,NA,NA,30,50,20
136,ref_1,ref,ref,up,136refU,T6,317.3,1.13,15,40,30,15,85,28.33333333,2.41,4.13,0,0.08,0.18,0.087,0.082,9.4,11.65,8.6,25,35,40
137,ref_2,ref,ref,up,137refU,T0,230.1,4.85,35,25,10,30,65,21.66666667,3.21,7.23,0.16,0.12,0.07,0.09,0.085,11.4,10.39,8.59,NA,NA,NA
137,ref_2,ref,ref,up,137refU,T1,NA,NA,10,40,15,35,90,30,2.53,8.81,0.22,0.2,0.09,0.17,NA,NA,NA,NA,25,40,35
137,ref_2,ref,ref,up,137refU,T2,229.4,4.45,15,25,35,25,85,28.33333333,5.14,10.8,0.08,0.07,0.02,0.057,0.119,11.4,10.51,8.55,35,45,20
137,ref_2,ref,ref,up,137refU,T3,NA,NA,20,20,35,25,80,26.66666667,2.67,6.31,0.11,0.07,0.02,0.067,NA,NA,NA,NA,30,30,40
137,ref_2,ref,ref,up,137refU,T4,230.8,4.65,20,25,40,15,80,26.66666667,3.22,7.18,0,0.08,0.36,0.1,0.064,11.3,10.56,8.53,30,40,30
137,ref_2,ref,ref,up,137refU,T5,NA,NA,15,10,50,25,85,28.33333333,3.11,6.28,0.21,0.12,0.03,0.12,NA,NA,NA,NA,25,35,40
137,ref_2,ref,ref,up,137refU,T6,229.3,4.64,35,20,25,20,65,21.66666667,2.73,10.67,0.23,0.11,0,0.113,0.92,11.4,10.12,8.12,20,40,40
138,ref_3,ref,ref,up,138refU,T0,362.1,6.72,20,15,20,45,80,26.66666667,1.63,4.23,0,0.51,0.21,0.24,0.173,13,11.6,8.62,NA,NA,NA
138,ref_3,ref,ref,up,138refU,T1,NA,NA,25,25,30,20,75,25,1.33,5.11,0.11,0.66,0.19,0.32,NA,NA,NA,NA,30,40,30
138,ref_3,ref,ref,up,138refU,T2,360.7,6.43,30,30,30,10,70,23.33333333,1.19,4.61,0.09,0.17,0.03,0.097,0.117,13,11.52,8.61,25,35,40
138,ref_3,ref,ref,up,138refU,T3,NA,NA,10,45,25,20,90,30,1.76,4.93,0.02,0.12,0.07,0.07,NA,NA,NA,NA,35,45,20
138,ref_3,ref,ref,up,138refU,T4,361.3,6.11,5,35,30,30,95,31.66666667,2.72,5.17,0,0,0.52,0.173,0.082,13,11.49,8.59,35,30,35
138,ref_3,ref,ref,up,138refU,T5,NA,NA,15,40,20,25,85,28.33333333,1.13,5.79,0.16,0.71,0.21,0.36,NA,NA,NA,NA,20,40,40
138,ref_3,ref,ref,up,138refU,T6,360.4,6.1,15,30,25,30,85,28.33333333,1.21,4.98,0.13,0.36,0,0.163,0.139,12.9,11.31,8.61,20,40,40
139,ref_4,ref,ref,up,139refU,T0,260.1,3.92,20,30,30,20,80,26.66666667,1.63,4.63,0.03,0.04,0.1,0.057,0.094,4.5,13.62,8.3,NA,NA,NA
139,ref_4,ref,ref,up,139refU,T1,NA,NA,15,25,30,30,85,28.33333333,1.15,7.84,0.1,0.1,0.09,0.097,NA,NA,NA,NA,20,45,35
139,ref_4,ref,ref,up,139refU,T2,262.3,4.96,15,35,40,10,85,28.33333333,1.81,4.89,0.06,0.13,0.24,0.143,0.102,4.3,13.01,8.31,20,50,30
139,ref_4,ref,ref,up,139refU,T3,NA,NA,15,30,30,25,85,28.33333333,0.42,10.83,0.13,0.16,0.02,0.081,NA,NA,NA,NA,15,45,40
139,ref_4,ref,ref,up,139refU,T4,260.4,3.5,25,25,25,25,75,25,0.34,10.4,0.05,0.11,0.06,0.073,0.082,4.3,12.83,8.31,20,35,45
139,ref_4,ref,ref,up,139refU,T5,NA,NA,30,30,40,0,70,23.33333333,1.28,5.18,0.21,0.06,0,0.09,NA,NA,NA,NA,15,40,45
139,ref_4,ref,ref,up,139refU,T6,260.9,3.63,35,40,25,0,65,21.66666667,0.96,4.36,0.12,0.11,0.03,0.087,0.073,4.2,12.56,8.39,25,45,30
140,ref_5,ref,ref,up,140refU,T0,302.6,1.21,10,30,30,30,90,30,1.92,9.19,0.15,0.19,0,0.113,0.692,9.5,11.58,8.63,NA,NA,NA
140,ref_5,ref,ref,up,140refU,T1,NA,NA,20,25,25,35,85,28.33333333,3.01,10.07,0.14,0.17,0,0.103,NA,NA,NA,NA,0,60,40
140,ref_5,ref,ref,up,140refU,T2,303.4,1.07,20,20,30,40,90,30,2.92,9.62,0,0.23,0.17,0.133,0.654,9.6,11.67,8.6,15,45,40
140,ref_5,ref,ref,up,140refU,T3,NA,NA,5,30,35,30,95,31.66666667,2.39,8.71,0.2,0.29,0.03,0.173,NA,NA,NA,NA,5,40,55
140,ref_5,ref,ref,up,140refU,T4,302.1,0.67,10,25,40,25,90,30,3.56,6.96,0,0.31,0.09,0.133,0.71,9.6,11.7,8.62,0,50,50
140,ref_5,ref,ref,up,140refU,T5,NA,NA,15,30,30,25,85,28.33333333,2.06,7.11,0.21,0.07,0,0.093,NA,NA,NA,NA,20,50,30
140,ref_5,ref,ref,up,140refU,T6,301.3,1.13,10,30,35,25,90,30,1.73,11.21,0,0.1,0.1,0.067,0.667,9.4,11.61,8.6,5,55,40
141,ref_6,ref,ref,up,141refU,T0,201.3,2.9,20,25,25,30,80,26.66666667,1.41,8.33,0.02,0.31,0.2,0.177,0.151,7.3,10.35,8.6,NA,NA,NA
141,ref_6,ref,ref,up,141refU,T1,NA,NA,15,20,30,35,85,28.33333333,1.92,5.67,0.05,0.27,0.17,0.163,NA,NA,NA,NA,20,40,40
141,ref_6,ref,ref,up,141refU,T2,205.4,2.76,10,20,40,30,90,30,2.21,7.26,0.07,0.12,0.19,0.127,0.149,7.2,10.52,8.67,10,55,35
141,ref_6,ref,ref,up,141refU,T3,NA,NA,30,15,25,30,70,23.33333333,2.5,7.39,0.04,0.18,0,0.073,NA,NA,NA,NA,35,35,30
141,ref_6,ref,ref,up,141refU,T4,201.3,2.86,25,20,30,25,75,25,1.79,6.18,0.21,0.08,0,0.097,0.196,7.2,10.43,8.66,10,50,40
141,ref_6,ref,ref,up,141refU,T5,NA,NA,40,20,20,20,60,20,1.36,8.17,0.11,0.13,0.04,0.093,NA,NA,NA,NA,25,40,35
141,ref_6,ref,ref,up,141refU,T6,202.7,2.99,30,20,25,25,70,23.33333333,1.72,8.23,0.09,0.14,0.05,0.093,0.107,7.1,10.43,8.65,30,45,25
142,ref_7,ref,ref,up,142refU,T0,274.4,3.98,25,50,20,5,75,25,2.5,2.13,0.12,0.07,0.13,0.107,0.062,9.1,8.65,8.02,NA,NA,NA
142,ref_7,ref,ref,up,142refU,T1,NA,NA,25,30,20,25,75,25,1.3,2.91,0.14,0.11,0.06,0.103,NA,NA,NA,NA,25,50,25
142,ref_7,ref,ref,up,142refU,T2,271,3.94,20,40,30,10,80,26.66666667,0.7,4.21,0.1,0.21,0,0.103,0.051,9,8.6,8.03,30,55,15
142,ref_7,ref,ref,up,142refU,T3,NA,NA,15,35,25,25,85,28.33333333,2.14,6.38,0.04,0.26,0.31,0.203,NA,NA,NA,NA,40,25,35
142,ref_7,ref,ref,up,142refU,T4,268.3,3.88,15,35,30,20,85,28.33333333,1.2,4.77,0.12,0.31,0.12,0.183,0.079,9,8.99,8.08,35,35,30
142,ref_7,ref,ref,up,142refU,T5,NA,NA,20,40,20,20,80,26.66666667,1.81,4.15,0.09,0.19,0.2,0.16,NA,NA,NA,NA,50,20,30
142,ref_7,ref,ref,up,142refU,T6,270.3,3.45,25,20,30,25,75,25,0.93,3.21,0,0.17,0.02,0.063,0.092,8.9,8.58,8.1,35,45,20
143,ref_8,ref,ref,up,143refU,T0,184.2,5.11,70,10,10,10,30,10,1.92,2.21,0,0.12,0.06,0.06,0.066,8.5,12,8.89,NA,NA,NA
143,ref_8,ref,ref,up,143refU,T1,NA,NA,65,25,10,0,35,11.66666667,2.51,2.62,0.07,0.05,0.17,0.097,NA,NA,NA,NA,20,60,20
143,ref_8,ref,ref,up,143refU,T2,182.3,5.31,70,10,10,10,30,10,2.11,3.29,0,0.31,0.07,0.127,0.092,8.6,12.3,8.89,55,30,15
143,ref_8,ref,ref,up,143refU,T3,NA,NA,60,25,10,5,40,13.33333333,1.26,1.67,0.05,0.26,0.13,0.147,NA,NA,NA,NA,60,15,25
143,ref_8,ref,ref,up,143refU,T4,180.6,5.18,50,20,10,20,50,16.66666667,1.27,1.39,0.07,0.17,0.06,0.1,0.013,8.5,12.6,8.87,50,20,30
143,ref_8,ref,ref,up,143refU,T5,NA,NA,65,20,10,5,35,11.66666667,2.62,2.92,0.02,0.11,0.09,0.073,NA,NA,NA,NA,55,15,30
143,ref_8,ref,ref,up,143refU,T6,181.3,5.21,50,35,10,5,50,16.66666667,1.99,2.12,0.14,0.13,0,0.09,0.062,8.5,12.4,8.91,25,15,60
144,ref_9,ref,ref,up,144refU,T0,292.7,2.94,50,10,25,15,50,16.66666667,2.12,2.32,0.13,0.21,0.1,0.147,0.057,8.6,8.11,8.3,NA,NA,NA
144,ref_9,ref,ref,up,144refU,T1,NA,NA,25,15,30,30,75,25,2.01,2.71,0.3,0.32,0.1,0.24,NA,NA,NA,NA,60,20,20
144,ref_9,ref,ref,up,144refU,T2,290.3,2.86,20,15,40,25,80,26.66666667,2.3,3.49,0.46,0.57,0.3,0.31,0.051,8.6,8.09,8.36,50,30,20
144,ref_9,ref,ref,up,144refU,T3,NA,NA,55,10,20,15,45,15,2.92,3.92,0.51,0.61,0.5,0.54,NA,NA,NA,NA,50,30,20
144,ref_9,ref,ref,up,144refU,T4,289.3,2.79,20,10,40,30,80,26.66666667,1.93,2.33,0.19,0.23,0.2,0.06,0.062,8.6,8.21,8.31,65,15,20
144,ref_9,ref,ref,up,144refU,T5,NA,NA,65,25,5,5,35,11.66666667,2.17,2.17,0.67,0.88,0.71,0.61,NA,NA,NA,NA,55,15,30
144,ref_9,ref,ref,up,144refU,T6,285.9,2.81,55,15,20,10,45,15,2.3,2.37,0.32,0.72,0.61,0.43,0.039,8.6,8.13,8.3,50,20,30
145,ref_10,ref,ref,up,145refU,T0,199.8,3.14,45,15,15,25,55,18.33333333,3.07,5.69,0,0.23,0.1,0.11,0.033,9.3,8.43,8.33,NA,NA,NA
145,ref_10,ref,ref,up,145refU,T1,NA,NA,40,30,20,10,60,20,2.69,6.81,0,0.23,0.2,0.143,NA,NA,NA,NA,40,30,30
145,ref_10,ref,ref,up,145refU,T2,197.3,3.31,35,20,30,15,65,21.66666667,3.72,10.29,0,0.11,0.06,0.057,0.042,9.6,8.52,8.3,35,45,20
145,ref_10,ref,ref,up,145refU,T3,NA,NA,30,20,25,25,70,23.33333333,2.62,7.02,0.23,0.17,0,0.133,NA,NA,NA,NA,35,30,35
145,ref_10,ref,ref,up,145refU,T4,194.6,3.15,45,15,30,10,55,18.33333333,2.85,6.7,0.23,0.2,0,0.143,0.043,9.9,8.5,8.29,40,20,40
145,ref_10,ref,ref,up,145refU,T5,NA,NA,50,15,25,10,50,16.66666667,2.55,8.04,0,0.27,0.13,0.133,NA,NA,NA,NA,30,35,35
145,ref_10,ref,ref,up,145refU,T6,195.7,3.2,35,30,30,5,65,21.66666667,1.08,7.01,0.32,0.27,0.06,0.217,0.032,9.5,8.49,8.31,40,20,40
146,ref_11,ref,ref,up,146refU,T0,261.3,3.63,45,25,15,15,55,18.33333333,2.21,4.43,0.21,0.26,0.17,0.213,0.067,9.2,8.5,8.76,NA,NA,NA
146,ref_11,ref,ref,up,146refU,T1,NA,NA,50,20,20,10,50,16.66666667,2.31,2.31,0.2,0.47,0.41,0.29,NA,NA,NA,NA,50,15,35
146,ref_11,ref,ref,up,146refU,T2,260.4,3.56,40,10,30,20,60,20,1.6,1.67,0.56,0.61,0.53,0.38,0.054,9.2,8.51,8.75,35,40,25
146,ref_11,ref,ref,up,146refU,T3,NA,NA,40,30,30,0,60,20,1.48,1.51,0.8,0.83,0.77,0.8,NA,NA,NA,NA,25,45,30
146,ref_11,ref,ref,up,146refU,T4,261.1,3.45,35,25,20,20,65,21.66666667,1.78,1.78,0.11,0.31,0.21,0.19,0.059,9.3,8.55,8.76,30,50,20
146,ref_11,ref,ref,up,146refU,T5,NA,NA,40,25,15,20,60,20,2.13,2.13,0.18,0.27,0.13,0.15,NA,NA,NA,NA,10,40,50
146,ref_11,ref,ref,up,146refU,T6,259.3,3.24,30,30,20,20,70,23.33333333,1.89,1.89,0.1,0.59,0.42,0.21,0.041,9.2,8.5,8.76,40,20,40
101,UA_460,culvert,culvert,zdown,101culvertD,T0,210.5,15.5,40,30,20,10,60,20,3.6,7.24,0.05,0.17,0.13,0.117,0.055,18.6,8.19,8.37,NA,NA,NA
101,UA_460,culvert,culvert,zdown,101culvertD,T1,NA,NA,75,5,15,5,25,8.333333333,3.21,13.1,0.29,0.27,0.16,0.24,NA,NA,NA,NA,5,45,20
101,UA_460,culvert,culvert,zdown,101culvertD,T2,208.4,12.4,30,25,25,20,70,23.33333333,4.48,6.27,0.29,0.24,0.26,0.263,0.065,19.6,8.18,8.36,35,20,25
101,UA_460,culvert,culvert,zdown,101culvertD,T3,NA,NA,45,10,15,30,55,18.33333333,3.1,7.84,0.41,0.58,0.34,0.443,NA,NA,NA,NA,15,25,40
101,UA_460,culvert,culvert,zdown,101culvertD,T4,210.1,10.5,35,30,30,5,65,21.66666667,2.05,10.16,0.2,0.23,0.07,0.167,0.106,18.6,8.13,8.38,40,5,55
101,UA_460,culvert,culvert,zdown,101culvertD,T5,NA,NA,40,20,30,10,60,20,3.52,6.64,0.23,0.24,0.14,0.203,NA,NA,NA,NA,40,30,30
101,UA_460,culvert,culvert,zdown,101culvertD,T6,216.2,8.34,40,25,20,15,60,20,4.82,8.16,0.06,0.12,0.18,0.12,0.095,19.5,8.42,8.39,45,25,30
102,UA_327,culvert,culvert,zdown,102culvertD,T0,145.5,7.71,20,10,20,50,80,26.66666667,5.91,6.21,0.27,0.42,0.17,0.287,0.076,17.2,8.34,8.1,NA,NA,NA
102,UA_327,culvert,culvert,zdown,102culvertD,T1,NA,NA,40,20,30,10,60,20,5.2,6.03,0.11,0.11,0.09,0.103,NA,NA,NA,NA,50,10,40
102,UA_327,culvert,culvert,zdown,102culvertD,T2,140.6,6.4,30,20,45,5,70,23.33333333,2.9,5.2,0.28,0.14,0.09,0.19,0.093,18.2,8.65,8.1,40,25,35
102,UA_327,culvert,culvert,zdown,102culvertD,T3,NA,NA,70,10,20,0,30,10,2.7,4.3,0.18,0.15,0.21,0.18,NA,NA,NA,NA,60,10,10
102,UA_327,culvert,culvert,zdown,102culvertD,T4,143.7,8.1,55,40,5,0,45,15,2.15,4.8,0.09,0.11,0.19,0.13,0.073,17.2,8.78,8.1,25,25,30
102,UA_327,culvert,culvert,zdown,102culvertD,T5,NA,NA,40,55,30,5,90,30,1.75,4.4,0.14,0.09,0.08,0.103,NA,NA,NA,NA,40,30,30
102,UA_327,culvert,culvert,zdown,102culvertD,T6,141.2,7.2,90,0,5,5,10,3.333333333,4.25,5.5,0.45,0.25,0.11,0.27,0.087,18.3,8.65,8.16,45,35,20
103,UA_263,culvert,culvert,zdown,103culvertD,T0,270.3,11.8,50,20,20,10,50,16.66666667,2.1,2.69,0.19,0.2,0.14,0.177,0.122,18.2,8.81,7.94,NA,NA,NA
103,UA_263,culvert,culvert,zdown,103culvertD,T1,NA,NA,50,25,25,0,50,16.66666667,2.35,5.21,0.21,0.45,0.69,0.45,NA,NA,NA,NA,50,15,35
103,UA_263,culvert,culvert,zdown,103culvertD,T2,268.6,11.2,40,25,30,5,60,20,2.1,4.23,0.12,0.24,0.3,0.22,0.128,18.2,7.88,8.14,70,10,20
103,UA_263,culvert,culvert,zdown,103culvertD,T3,NA,NA,40,30,30,0,60,20,3.12,3.91,0.06,0.1,0.06,0.073,NA,NA,NA,NA,25,30,45
103,UA_263,culvert,culvert,zdown,103culvertD,T4,271.8,11.6,25,35,40,0,75,25,2.88,4.05,0.07,0.11,0.09,0.09,0.135,17,9.04,8.27,50,20,30
103,UA_263,culvert,culvert,zdown,103culvertD,T5,NA,NA,60,15,25,0,40,13.33333333,1.94,2.92,0.09,0.26,0.3,0.217,NA,NA,NA,NA,50,20,35
103,UA_263,culvert,culvert,zdown,103culvertD,T6,273.4,10.41,25,15,55,5,75,25,2.73,4.95,0.16,0.07,0.15,0.127,0.309,18.3,9.21,8.23,45,25,30
104,UA_256,culvert,culvert,zdown,104culvertD,T0,191.8,2.3,30,30,40,0,70,23.33333333,1.15,2.16,0,0.07,0.23,0.1,0.091,16.9,7.1,7.8,NA,NA,NA
104,UA_256,culvert,culvert,zdown,104culvertD,T1,NA,NA,80,20,0,0,20,6.666666667,2.3,2.98,0.07,0.28,0.23,0.193,NA,NA,NA,NA,50,15,35
104,UA_256,culvert,culvert,zdown,104culvertD,T2,185.4,1.52,50,50,0,0,50,16.66666667,1.53,2.34,0.12,0.14,0.01,0.09,0.112,18.3,7.21,7.81,20,25,30
104,UA_256,culvert,culvert,zdown,104culvertD,T3,NA,NA,50,50,0,0,50,16.66666667,1.76,1.76,0.37,0.36,0.53,0.42,NA,NA,NA,NA,20,35,20
104,UA_256,culvert,culvert,zdown,104culvertD,T4,189.4,1.91,30,70,0,0,70,23.33333333,1.64,2.3,0.26,0.06,0.13,0.15,0.068,16.3,7.34,7.78,40,30,30
104,UA_256,culvert,culvert,zdown,104culvertD,T5,NA,NA,50,25,25,0,50,16.66666667,1.09,3.02,0.23,0.14,0,0.123,NA,NA,NA,NA,45,20,35
104,UA_256,culvert,culvert,zdown,104culvertD,T6,188.6,0.98,35,65,0,0,65,21.66666667,2.37,2.58,0.38,0.32,0.18,0.293,0.107,17.1,7.13,7.84,40,15,30
106,UA_139,culvert,culvert,zdown,106culvertD,T0,231.1,2.02,30,20,20,30,70,23.33333333,2.9,5.8,0.07,0.1,0.15,0.107,0.085,9.4,10.82,8.4,NA,NA,NA
106,UA_139,culvert,culvert,zdown,106culvertD,T1,NA,NA,35,20,35,10,65,21.66666667,2.3,2.73,0.09,0.14,0.11,0.113,NA,NA,NA,NA,50,30,20
106,UA_139,culvert,culvert,zdown,106culvertD,T2,228.6,2.29,60,20,20,0,40,13.33333333,2.3,2.73,0.09,0.27,0.2,0.187,0.013,9.5,10.94,8.43,45,25,30
106,UA_139,culvert,culvert,zdown,106culvertD,T3,NA,NA,40,20,30,10,60,20,3.88,4.1,0.007,0.1,0.08,0.062,NA,NA,NA,NA,30,40,30
106,UA_139,culvert,culvert,zdown,106culvertD,T4,225.6,2.61,20,45,30,5,80,26.66666667,2.36,3.91,0.17,0.06,0,0.077,0.021,9.6,11.04,8.43,40,30,30
106,UA_139,culvert,culvert,zdown,106culvertD,T5,NA,NA,15,35,40,10,85,28.33333333,3.85,4.52,0.08,0.07,0.13,0.093,NA,NA,NA,NA,35,40,25
106,UA_139,culvert,culvert,zdown,106culvertD,T6,228.7,2.1,15,40,40,5,85,28.33333333,3.63,4.67,0.04,0.12,0.21,0.123,0.025,9.5,11.2,8.5,35,35,30
108,UA_448,culvert,culvert,zdown,108culvertD,T0,269.4,7.01,40,10,30,20,60,20,2.4,4.1,0.11,0.24,0.32,0.223,0.135,11.4,10.34,8.46,NA,NA,NA
108,UA_448,culvert,culvert,zdown,108culvertD,T1,NA,NA,35,15,20,30,65,21.66666667,2.7,6.4,0.16,0.3,0.13,0.197,NA,NA,NA,NA,45,20,35
108,UA_448,culvert,culvert,zdown,108culvertD,T2,270.1,6.44,40,10,30,20,60,20,4.4,5.83,0.12,0.12,0.3,0.18,0.191,11.4,10.24,8.5,50,30,20
108,UA_448,culvert,culvert,zdown,108culvertD,T3,NA,NA,40,25,20,15,60,20,5,5.5,0.23,0.2,0.06,0.163,NA,NA,NA,NA,50,20,30
108,UA_448,culvert,culvert,zdown,108culvertD,T4,269.1,5.1,70,5,5,20,30,10,2.31,4.5,0.16,0.56,0.26,0.327,0.212,11.1,10.17,8.47,30,25,45
108,UA_448,culvert,culvert,zdown,108culvertD,T5,NA,NA,40,20,30,10,60,20,2.6,5.2,0.08,0.12,0.1,0.1,NA,NA,NA,NA,45,20,35
108,UA_448,culvert,culvert,zdown,108culvertD,T6,271.8,5.5,20,30,35,15,80,26.66666667,3.4,4.9,0.18,0.19,0.2,0.19,0.084,11.1,10.38,8.5,40,20,40
109,UA_379,culvert,culvert,zdown,109culvertD,T0,198.4,2.93,50,0,0,50,50,16.66666667,3.55,7.64,0.21,0.32,0.1,0.21,0.192,14.9,9.2,8.03,NA,NA,NA
109,UA_379,culvert,culvert,zdown,109culvertD,T1,NA,NA,30,15,45,10,70,23.33333333,2.63,3.63,0.43,0.46,0.1,0.33,NA,NA,NA,NA,60,20,20
109,UA_379,culvert,culvert,zdown,109culvertD,T2,199.4,2.67,25,35,40,0,75,25,1.54,9.43,0.3,0.32,0.24,0.287,0.134,14.9,9.2,8.03,45,15,40
109,UA_379,culvert,culvert,zdown,109culvertD,T3,NA,NA,40,5,35,20,60,20,2.12,2.12,0.17,0.11,0.14,0.14,NA,NA,NA,NA,50,5,45
109,UA_379,culvert,culvert,zdown,109culvertD,T4,200.1,2.31,30,45,25,0,70,23.33333333,2.3,5.43,0.31,0.41,0.24,0.32,0.051,14.9,9.26,8.12,45,25,35
109,UA_379,culvert,culvert,zdown,109culvertD,T5,NA,NA,40,10,40,10,60,20,2.51,6.01,0.07,0.14,0.15,0.12,NA,NA,NA,NA,40,40,20
109,UA_379,culvert,culvert,zdown,109culvertD,T6,202.4,2.09,25,30,45,0,75,25,1.8,3.8,0.04,0.25,0.36,0.217,0.191,14.9,9.45,8.24,35,20,45
110,UA_271,culvert,culvert,zdown,110culvertD,T0,155.5,3.51,30,40,30,0,70,23.33333333,5.44,5.81,0.02,0.22,0.07,0.103,0.094,11.4,9.77,8.2,NA,NA,NA
110,UA_271,culvert,culvert,zdown,110culvertD,T1,NA,NA,35,15,35,15,65,21.66666667,2.4,4.2,0.15,0.06,0,0.07,NA,NA,NA,NA,25,35,40
110,UA_271,culvert,culvert,zdown,110culvertD,T2,154,3.13,70,10,20,0,30,10,2.65,2.64,0.47,0.31,0.1,0.293,0.194,11.9,9.9,8.26,25,55,30
110,UA_271,culvert,culvert,zdown,110culvertD,T3,NA,NA,25,40,35,0,75,25,3.03,3.03,0.2,0.05,0.09,0.113,NA,NA,NA,NA,50,20,30
110,UA_271,culvert,culvert,zdown,110culvertD,T4,158.4,3.64,35,10,55,0,65,21.66666667,1.69,3.54,0,0.16,0,0.053,0.216,11.6,9.91,8.25,20,50,30
110,UA_271,culvert,culvert,zdown,110culvertD,T5,NA,NA,50,25,25,0,50,16.66666667,2.9,3.07,0.14,0.19,0.12,0.15,NA,NA,NA,NA,30,35,35
110,UA_271,culvert,culvert,zdown,110culvertD,T6,159,2.34,10,40,50,0,90,30,1.8,2.6,0.1,0.03,0,0.043,0.233,11.7,9.95,8.23,20,40,40
111,UA_443,culvert,culvert,zdown,111culvertD,T0,301.5,5.5,80,20,0,0,20,6.666666667,2.75,0.75,0.2,0.8,0.3,0.433,0.091,18.2,8.31,7.81,NA,NA,NA
111,UA_443,culvert,culvert,zdown,111culvertD,T1,NA,NA,60,20,20,0,40,13.33333333,0.95,1.5,0.14,0.17,0.15,0.153,NA,NA,NA,NA,40,35,25
111,UA_443,culvert,culvert,zdown,111culvertD,T2,295.3,5.25,60,20,10,10,40,13.33333333,2.2,2.4,0.06,0.12,0.11,0.097,0.132,18.2,8.42,7.8,30,20,50
111,UA_443,culvert,culvert,zdown,111culvertD,T3,NA,NA,40,10,40,10,60,20,2.08,2.08,0.3,0.42,0.38,0.367,NA,NA,NA,NA,60,20,20
111,UA_443,culvert,culvert,zdown,111culvertD,T4,293,5.17,25,20,20,35,75,25,2.25,2.25,0.2,0.91,0.28,0.463,0.05,17.9,8.76,7.93,60,20,20
111,UA_443,culvert,culvert,zdown,111culvertD,T5,NA,NA,35,60,5,0,65,21.66666667,1.89,1.89,0.17,0.17,0.06,0.133,NA,NA,NA,NA,35,15,50
111,UA_443,culvert,culvert,zdown,111culvertD,T6,292.9,5.3,60,10,0,30,40,13.33333333,2.2,2.2,0.3,0.46,0.23,0.33,0.84,17.5,9.08,8.02,30,20,50
112,UA_479,culvert,culvert,zdown,112culvertD,T0,358.3,5.84,85,15,0,0,15,5,7,7.5,0.9,1.2,0.7,0.43,0.023,15.3,9.6,8.2,NA,NA,NA
112,UA_479,culvert,culvert,zdown,112culvertD,T1,NA,NA,30,30,15,25,70,23.33333333,2.04,2.4,0.14,0.17,0.03,0.113,NA,NA,NA,NA,50,30,20
112,UA_479,culvert,culvert,zdown,112culvertD,T2,361.3,6.2,55,45,0,0,45,15,0.94,2.3,0,0.12,0.2,0.107,0.014,16.3,8.95,8.29,40,45,15
112,UA_479,culvert,culvert,zdown,112culvertD,T3,NA,NA,30,50,20,0,70,23.33333333,1.2,3.1,0.1,0.04,0,0.047,NA,NA,NA,NA,45,40,15
112,UA_479,culvert,culvert,zdown,112culvertD,T4,368,6.1,75,25,0,0,25,8.333333333,1.61,2.4,0,0.1,0.07,0.057,0.017,15.7,9.5,8.29,70,30,0
112,UA_479,culvert,culvert,zdown,112culvertD,T5,NA,NA,80,20,0,0,20,6.666666667,0.98,2.4,0,0.12,0,0.04,NA,NA,NA,NA,60,40,0
112,UA_479,culvert,culvert,zdown,112culvertD,T6,391.9,6.23,90,10,0,0,10,3.333333333,1.41,1.81,0.14,0.27,0,0.137,0.009,16.4,9.35,8.28,50,40,10
118,UA_428,culvert,culvert,zdown,118culvertD,T0,380.4,13.3,90,10,0,0,10,3.333333333,0.91,2.31,0.3,0.19,0.08,0.19,0.009,16.9,10.16,8.63,NA,NA,NA
118,UA_428,culvert,culvert,zdown,118culvertD,T1,NA,NA,40,50,10,0,60,20,0.87,1.68,0.52,0.43,0.12,0.357,NA,NA,NA,NA,20,60,20
118,UA_428,culvert,culvert,zdown,118culvertD,T2,376.4,12.8,60,15,25,0,40,13.33333333,1.2,1.71,0.12,0.06,0,0.06,0.13,16.7,10.33,8.64,30,45,25
118,UA_428,culvert,culvert,zdown,118culvertD,T3,NA,NA,10,50,30,10,90,30,0.67,2.43,0.07,0.31,0.2,0.193,NA,NA,NA,NA,35,55,10
118,UA_428,culvert,culvert,zdown,118culvertD,T4,379.4,12.99,20,40,20,20,80,26.66666667,0.73,2.1,0.1,0.17,0.31,0.193,0.019,16.6,10.42,8.18,25,60,15
118,UA_428,culvert,culvert,zdown,118culvertD,T5,NA,NA,50,10,30,10,50,16.66666667,0.67,2.43,0.07,0.31,0.2,0.193,NA,NA,NA,NA,20,60,20
118,UA_428,culvert,culvert,zdown,118culvertD,T6,379.4,11.92,20,40,20,20,80,26.66666667,0.73,2.1,0.1,0.17,0.31,0.193,0.017,NA,10.93,NA,20,65,15
105,UA_385,dbridge,bridge,zdown,105bridgeD,T0,231.8,3.61,40,5,20,45,70,23.33333333,5.7,5.41,0.32,0.13,0.09,0.18,0.321,15.9,9.25,8.11,NA,NA,NA
105,UA_385,dbridge,bridge,zdown,105bridgeD,T1,NA,NA,30,20,45,30,95,31.66666667,5.21,6.59,0.29,0.15,0.07,0.17,NA,NA,NA,NA,10,65,25
105,UA_385,dbridge,bridge,zdown,105bridgeD,T2,230.4,3.84,30,20,50,15,85,28.33333333,4.23,7.45,0.43,0.17,0.06,0.22,0.172,15.9,9.36,8.14,25,40,35
105,UA_385,dbridge,bridge,zdown,105bridgeD,T3,NA,NA,40,25,40,10,75,25,5.2,5.8,0.43,0.3,0.05,0.26,NA,NA,NA,NA,20,35,45
105,UA_385,dbridge,bridge,zdown,105bridgeD,T4,231.1,3.61,30,30,40,10,80,26.66666667,2.72,5.49,0.18,0.12,0,0.1,0.283,16.1,9.37,8.17,40,40,20
105,UA_385,dbridge,bridge,zdown,105bridgeD,T5,NA,NA,30,20,45,25,90,30,4.81,5.13,0.1,0.19,0.25,0.18,NA,NA,NA,NA,10,65,25
105,UA_385,dbridge,bridge,zdown,105bridgeD,T6,232.1,2.55,15,20,45,15,80,26.66666667,4.7,5.39,0.23,0.17,0.16,0.187,0.341,16,9.45,8.24,30,30,40
107,UA_442,dbridge,bridge,zdown,107bridgeD,T0,287.6,1.75,40,25,35,0,60,20,2.11,4.36,0.24,0.01,0,0.083,0.201,10.4,10.91,8.57,NA,NA,NA
107,UA_442,dbridge,bridge,zdown,107bridgeD,T1,NA,NA,40,60,0,0,60,20,3.13,4.41,0.017,0.14,0,0.052,NA,NA,NA,NA,30,30,40
107,UA_442,dbridge,bridge,zdown,107bridgeD,T2,281.3,1.43,50,10,30,10,50,16.66666667,2.67,4.2,0.18,0.2,0.26,0.213,0.197,10.4,10.76,8.56,25,30,45
107,UA_442,dbridge,bridge,zdown,107bridgeD,T3,NA,NA,30,35,35,0,70,23.33333333,3.87,3.87,0.1,0.24,0.21,0.183,NA,NA,NA,NA,40,20,40
107,UA_442,dbridge,bridge,zdown,107bridgeD,T4,282.6,2.11,30,45,15,10,70,23.33333333,4.65,4.65,0.12,0.15,0.09,0.12,0.186,10.4,10.78,8.56,20,40,40
107,UA_442,dbridge,bridge,zdown,107bridgeD,T5,NA,NA,35,40,25,0,65,21.66666667,2.77,3.19,0.2,0.45,0.13,0.26,NA,NA,NA,NA,15,50,35
107,UA_442,dbridge,bridge,zdown,107bridgeD,T6,288.1,1.98,35,45,20,0,65,21.66666667,2.6,4.22,0.07,0.25,0.16,0.16,0.206,10.5,10.88,8.57,20,40,40
126,UA_154,dbridge,bridge,zdown,126bridgeD,T0,265.4,2.64,40,20,25,15,60,20,2.3,3.54,0,0.1,0.1,0.067,0.185,12.1,10.82,8.61,NA,NA,NA
126,UA_154,dbridge,bridge,zdown,126bridgeD,T1,NA,NA,45,15,30,10,55,18.33333333,3.55,3.55,0.02,0.07,0.03,0.04,NA,NA,NA,NA,30,40,30
126,UA_154,dbridge,bridge,zdown,126bridgeD,T2,261.3,3.64,20,35,35,10,80,26.66666667,2,3.11,0.13,0.08,0,0.07,0.155,12.2,10.7,8.64,40,35,25
126,UA_154,dbridge,bridge,zdown,126bridgeD,T3,NA,NA,35,5,40,20,65,21.66666667,1.98,3.08,0.07,0.07,0,0.047,NA,NA,NA,NA,30,40,30
126,UA_154,dbridge,bridge,zdown,126bridgeD,T4,264.9,3.84,50,30,10,10,50,16.66666667,1.65,3.33,0.13,0.19,0.01,0.11,0.229,12.1,10.71,8.62,30,25,45
126,UA_154,dbridge,bridge,zdown,126bridgeD,T5,NA,NA,30,40,30,0,70,23.33333333,2.52,2.72,0.14,0.02,0.01,0.054,NA,NA,NA,NA,25,30,45
126,UA_154,dbridge,bridge,zdown,126bridgeD,T6,260.1,3.14,40,50,5,5,60,20,2.64,2.64,0.08,0.09,0.08,0.083,0.25,12.1,10.69,8.62,40,40,20
127,UA_359,dbridge,bridge,zdown,127bridgeD,T0,210.4,3.8,40,20,30,10,60,20,1.21,2.9,0.1,0.14,0.1,0.113,0.187,13.7,9.75,8.61,NA,NA,NA
127,UA_359,dbridge,bridge,zdown,127bridgeD,T1,NA,NA,30,20,40,10,70,23.33333333,1.43,4.2,0.12,0.16,0.08,0.12,NA,NA,NA,NA,40,50,10
127,UA_359,dbridge,bridge,zdown,127bridgeD,T2,208.3,3.72,35,20,30,15,65,21.66666667,2.01,5.31,0.03,0.2,0.07,0.11,0.431,13.6,9.79,8.63,40,40,20
127,UA_359,dbridge,bridge,zdown,127bridgeD,T3,NA,NA,45,20,15,10,45,15,0.92,2.2,0.13,0.19,0.03,0.117,NA,NA,NA,NA,30,50,20
127,UA_359,dbridge,bridge,zdown,127bridgeD,T4,209.4,3.64,30,20,35,15,70,23.33333333,1.03,3.32,0.31,0.07,0,0.127,0.162,13.5,9.86,8.59,35,40,25
127,UA_359,dbridge,bridge,zdown,127bridgeD,T5,NA,NA,20,30,25,25,80,26.66666667,1.33,4.1,0.25,0.16,0.13,0.18,NA,NA,NA,NA,40,40,20
127,UA_359,dbridge,bridge,zdown,127bridgeD,T6,209.3,3.69,20,25,35,20,80,26.66666667,2.12,6.22,0.01,0.32,0.12,0.15,0.167,13,9.98,8.62,25,45,30
128,UA_357,dbridge,bridge,zdown,128bridgeD,T0,237.6,4.5,30,30,20,20,70,23.33333333,1.62,3.8,0.02,0.15,0.03,0.067,0.132,11.6,10.24,8.41,40,35,25
128,UA_357,dbridge,bridge,zdown,128bridgeD,T1,NA,NA,30,20,35,15,70,23.33333333,1.47,3.1,0.06,0.07,0.03,0.053,NA,NA,NA,NA,30,50,20
128,UA_357,dbridge,bridge,zdown,128bridgeD,T2,237.1,4.66,40,30,20,10,60,20,1.38,2.93,0.03,0.09,0.09,0.07,0.162,11.1,10.5,8.61,50,40,10
128,UA_357,dbridge,bridge,zdown,128bridgeD,T3,NA,NA,25,20,35,20,75,25,1.6,3.35,0,0.08,0,0.027,NA,NA,NA,NA,40,40,20
128,UA_357,dbridge,bridge,zdown,128bridgeD,T4,235.1,4.59,35,20,20,25,65,21.66666667,1.28,3.05,0,0.03,0.08,0.037,0.213,10.9,10.45,8.96,40,50,10
128,UA_357,dbridge,bridge,zdown,128bridgeD,T5,NA,NA,40,15,30,15,60,20,2.3,3.3,0,0.09,0.06,0.05,NA,NA,NA,NA,50,30,20
128,UA_357,dbridge,bridge,zdown,128bridgeD,T6,233.2,4.55,30,15,35,20,70,23.33333333,2.5,3.57,0.02,0.08,0.06,0.053,0.093,10.7,10.6,8.31,30,40,30
129,UA_398,dbridge,bridge,zdown,129bridgeD,T0,391.1,4.98,40,20,20,20,60,20,1.6,2.7,0,0.17,0.08,0.083,0.09,12.1,8.64,8.71,45,35,20
129,UA_398,dbridge,bridge,zdown,129bridgeD,T1,NA,NA,60,30,10,0,40,13.33333333,1.67,1.67,0.12,0.33,0.21,0.22,NA,NA,NA,NA,40,30,30
129,UA_398,dbridge,bridge,zdown,129bridgeD,T2,390.4,4.67,50,40,10,0,50,16.66666667,1.21,2.42,0.22,0.08,0,0.1,0.061,12.3,8.76,8.7,35,40,25
129,UA_398,dbridge,bridge,zdown,129bridgeD,T3,NA,NA,40,40,20,0,60,20,1.26,2.22,0,0.05,0.08,0.043,NA,NA,NA,NA,40,20,40
129,UA_398,dbridge,bridge,zdown,129bridgeD,T4,391.7,4.59,40,40,10,10,60,20,2.16,2.16,0.17,0.07,0.04,0.093,0.052,12.4,8.79,8.73,40,25,35
129,UA_398,dbridge,bridge,zdown,129bridgeD,T5,NA,NA,30,60,10,0,70,23.33333333,1.45,1.8,0.08,2,0.14,0.74,NA,NA,NA,NA,45,40,15
129,UA_398,dbridge,bridge,zdown,129bridgeD,T6,289.6,4.36,45,55,0,0,55,18.33333333,1.3,1.89,0.08,0.32,0.03,0.143,0.162,12.5,8.9,8.7,30,30,40
130,UA_298,dbridge,bridge,zdown,130bridgeD,T0,211.3,5.43,45,15,20,20,55,18.33333333,2.1,3.5,0,0.35,0.22,0.19,0.86,13.1,9.62,8.71,NA,NA,NA
130,UA_298,dbridge,bridge,zdown,130bridgeD,T1,NA,NA,35,35,30,0,65,21.66666667,2.2,4.2,0,0.14,0.08,0.073,NA,NA,NA,NA,30,30,40
130,UA_298,dbridge,bridge,zdown,130bridgeD,T2,210.8,5.21,50,20,30,0,50,16.66666667,1.63,3.9,0,0.12,0.24,0.12,0.318,13,9.71,8.7,20,40,40
130,UA_298,dbridge,bridge,zdown,130bridgeD,T3,NA,NA,40,25,25,10,60,20,1.7,3.81,0.13,0.1,0.03,0.087,NA,NA,NA,NA,20,35,45
130,UA_298,dbridge,bridge,zdown,130bridgeD,T4,211.31,5.41,50,30,5,15,50,16.66666667,2.13,4.31,0.09,0.13,0.09,0.103,0.291,13.3,9.62,8.73,15,45,40
130,UA_298,dbridge,bridge,zdown,130bridgeD,T5,NA,NA,40,35,15,10,60,20,1.54,4.6,0.06,0.1,0.07,0.077,NA,NA,NA,NA,20,40,40
130,UA_298,dbridge,bridge,zdown,130bridgeD,T6,210.3,5.31,30,25,40,5,70,23.33333333,1.73,3.72,0,0.31,0.23,0.18,0.261,13.3,9.9,8.7,25,35,40
131,UA_349,dbridge,bridge,zdown,131bridgeD,T0,290.1,1.97,45,40,10,5,55,18.33333333,1.8,3.4,0.04,0.09,0,0.043,0.201,13.1,10.91,8.23,NA,NA,NA
131,UA_349,dbridge,bridge,zdown,131bridgeD,T1,NA,NA,45,20,15,20,55,18.33333333,2,4.1,0.13,0.14,0.02,0.097,NA,NA,NA,NA,30,40,30
131,UA_349,dbridge,bridge,zdown,131bridgeD,T2,290.4,1.9,35,40,20,5,65,21.66666667,1.68,3.92,0.06,0.1,0.06,0.073,0.162,13,11.65,8.71,40,25,35
131,UA_349,dbridge,bridge,zdown,131bridgeD,T3,NA,NA,50,25,10,15,50,16.66666667,1.73,4.05,0.02,0.06,0.1,0.06,NA,NA,NA,NA,50,25,25
131,UA_349,dbridge,bridge,zdown,131bridgeD,T4,289.3,1.94,30,10,30,30,70,23.33333333,1.62,3.51,0.03,0.08,0,0.037,0.13,13.3,11.52,8.71,40,25,35
131,UA_349,dbridge,bridge,zdown,131bridgeD,T5,NA,NA,30,40,30,0,70,23.33333333,2.1,3.42,0.09,0.16,0.17,0.14,NA,NA,NA,NA,45,30,25
131,UA_349,dbridge,bridge,zdown,131bridgeD,T6,290.3,1.84,25,40,30,5,75,25,1.3,4.13,0.1,0.08,0.1,0.093,0.212,13.3,12.1,8.68,50,25,25
132,UA_282,dbridge,bridge,zdown,132bridgeD,T0,213.2,6.41,50,20,30,0,50,16.66666667,4.8,5.9,0.12,0.16,0.08,0.12,0.196,13.4,9.81,8.23,NA,NA,NA
132,UA_282,dbridge,bridge,zdown,132bridgeD,T1,NA,NA,50,25,15,10,50,16.66666667,2.2,5.06,0.18,0.12,0,0.1,NA,NA,NA,NA,20,45,35
132,UA_282,dbridge,bridge,zdown,132bridgeD,T2,210.9,6.34,20,25,30,25,80,26.66666667,4.8,4.8,0.09,0.07,0.02,0.06,0.176,13.7,9.48,8.38,40,30,30
132,UA_282,dbridge,bridge,zdown,132bridgeD,T3,NA,NA,70,20,10,0,30,10,4.1,4.43,0.2,0.45,0.16,0.27,NA,NA,NA,NA,25,65,10
132,UA_282,dbridge,bridge,zdown,132bridgeD,T4,211.4,6.4,50,20,30,0,50,16.66666667,4.5,4.53,0.15,0.18,0.29,0.207,0.182,13.9,9.98,8.38,20,60,20
132,UA_282,dbridge,bridge,zdown,132bridgeD,T5,NA,NA,35,30,30,5,65,21.66666667,1.8,7.6,0.19,0.02,0,0.07,NA,NA,NA,NA,20,45,35
132,UA_282,dbridge,bridge,zdown,132bridgeD,T6,211.8,6.34,50,20,20,10,50,16.66666667,4.2,9.34,0.12,0.08,0.1,0.1,0.206,14.1,10.6,8.42,30,40,30
133,UA_144,dbridge,bridge,zdown,133bridgeD,T0,119.4,1.4,40,20,15,25,60,20,2,6.5,0.03,0,0.04,0.023,0.141,11.2,9.14,7.89,NA,NA,NA
133,UA_144,dbridge,bridge,zdown,133bridgeD,T1,NA,NA,35,15,40,10,65,21.66666667,2,9.5,0.37,0.06,0,0.143,NA,NA,NA,NA,40,25,35
133,UA_144,dbridge,bridge,zdown,133bridgeD,T2,118.3,1.62,45,25,30,10,65,21.66666667,2.8,6.4,0.17,0.02,0,0.063,0.102,10.9,9.18,8.06,30,30,40
133,UA_144,dbridge,bridge,zdown,133bridgeD,T3,NA,NA,30,20,20,30,70,23.33333333,4.3,4.3,0.08,0.09,0.12,0.097,NA,NA,NA,NA,35,30,35
133,UA_144,dbridge,bridge,zdown,133bridgeD,T4,117.3,1.09,30,25,25,20,70,23.33333333,2.5,5.3,0,0.07,0.04,0.037,0.131,11,9.16,8.4,20,25,55
133,UA_144,dbridge,bridge,zdown,133bridgeD,T5,NA,NA,35,35,25,5,65,21.66666667,3.6,10.6,0.16,0.18,0.16,0.167,NA,NA,NA,NA,35,30,35
133,UA_144,dbridge,bridge,zdown,133bridgeD,T6,125.8,0.87,35,25,15,25,65,21.66666667,2.5,7.2,0,0.08,0.05,0.043,0.109,10.9,9.2,8.54,30,25,45
134,UA_372,dbridge,bridge,zdown,134bridgeD,T0,239.8,4.67,45,35,20,0,55,18.33333333,1.03,1.03,0.13,0.31,0.08,0.173,0.076,16.9,8.76,7.89,NA,NA,NA
134,UA_372,dbridge,bridge,zdown,134bridgeD,T1,NA,NA,40,30,30,0,60,20,1.14,1.14,0.16,0.14,0.15,0.15,NA,NA,NA,NA,40,40,20
134,UA_372,dbridge,bridge,zdown,134bridgeD,T2,238.6,4.54,60,25,15,0,40,13.33333333,0.98,1.05,0.08,0.15,0.09,0.107,0.094,10.9,8.92,8.06,20,60,20
134,UA_372,dbridge,bridge,zdown,134bridgeD,T3,NA,NA,45,35,15,5,55,18.33333333,0.9,1.21,0.1,0.21,0,0.103,NA,NA,NA,NA,35,40,25
134,UA_372,dbridge,bridge,zdown,134bridgeD,T4,238.1,4.48,45,35,20,0,55,18.33333333,0.68,1.19,0.03,0.13,0.1,0.087,0.09,11,9.1,8.02,30,30,40
134,UA_372,dbridge,bridge,zdown,134bridgeD,T5,NA,NA,50,40,10,0,50,16.66666667,1.1,1.22,0.09,0.19,0.06,0.113,NA,NA,NA,NA,30,30,40
134,UA_372,dbridge,bridge,zdown,134bridgeD,T6,239.4,4.21,45,35,20,0,55,18.33333333,1.12,1.12,0.12,0.21,0.11,0.147,0.102,10.9,8.82,8.01,35,30,35
136,ref_1,ref,ref,zdown,136refD,T0,318.8,1.39,30,30,20,20,70,23.33333333,2.1,4.3,0.17,0.1,0,0.05,0.062,9.6,11.2,8.54,NA,NA,NA
136,ref_1,ref,ref,zdown,136refD,T1,NA,NA,20,35,30,15,80,26.66666667,1.87,3.8,0.1,0.12,0,0.073,NA,NA,NA,NA,20,55,25
136,ref_1,ref,ref,zdown,136refD,T2,316.6,1.42,20,30,40,10,80,26.66666667,1.4,4.5,0.03,0,0.11,0.047,0.155,9.6,11.65,8.56,35,30,35
136,ref_1,ref,ref,zdown,136refD,T3,NA,NA,20,40,30,10,80,26.66666667,2.13,2.91,0.13,0.12,0,0.083,NA,NA,NA,NA,45,35,20
136,ref_1,ref,ref,zdown,136refD,T4,318.1,1.34,15,50,15,20,85,28.33333333,1.43,4.46,0,0.08,0,0.027,0.093,9.5,11.45,8.59,35,50,15
136,ref_1,ref,ref,zdown,136refD,T5,NA,NA,20,40,35,5,80,26.66666667,1.52,4.43,0.1,0.14,0,0.08,NA,NA,NA,NA,50,35,15
136,ref_1,ref,ref,zdown,136refD,T6,319.4,1.26,25,25,25,25,75,25,3.61,4.23,0.15,0.12,0,0.09,0.131,9.5,11.75,8.51,45,15,40
137,ref_2,ref,ref,zdown,137refD,T0,232.6,4.32,15,30,20,5,55,18.33333333,3.81,10.23,0.2,0.11,0,0.103,0.052,11.3,10.8,8.56,NA,NA,NA
137,ref_2,ref,ref,zdown,137refD,T1,NA,NA,30,20,30,20,70,23.33333333,2.42,7.21,0,0.1,0.12,0.05,NA,NA,NA,NA,25,40,35
137,ref_2,ref,ref,zdown,137refD,T2,231.9,4.2,30,15,25,30,70,23.33333333,2.83,8.12,0.16,0.08,0,0.08,0.067,11.2,10.2,8.54,25,40,35
137,ref_2,ref,ref,zdown,137refD,T3,NA,NA,15,35,30,20,85,28.33333333,3.7,5.57,0.13,0.13,0,0.087,NA,NA,NA,NA,20,45,35
137,ref_2,ref,ref,zdown,137refD,T4,232.1,4.16,25,25,25,25,75,25,3.87,5.83,0.13,0.1,0.03,0.087,0.083,12.4,10.17,8.66,15,50,35
137,ref_2,ref,ref,zdown,137refD,T5,NA,NA,10,20,50,20,90,30,3.141,9.56,0.12,0.09,0,0.07,NA,NA,NA,NA,30,30,40
137,ref_2,ref,ref,zdown,137refD,T6,231.1,4.34,35,20,30,15,65,21.66666667,3.84,8.59,0,0.21,0.1,0.08,0.082,11.4,10.1,8.84,30,30,40
138,ref_3,ref,ref,zdown,138refD,T0,351.9,5.31,20,30,40,10,80,26.66666667,1.83,4.2,0.12,0.81,0,0.31,0.131,13.1,11.58,8.63,NA,NA,NA
138,ref_3,ref,ref,zdown,138refD,T1,NA,NA,30,20,30,20,70,23.33333333,2.72,5.61,0.1,0.62,0.07,0.13,NA,NA,NA,NA,30,30,40
138,ref_3,ref,ref,zdown,138refD,T2,355.1,5.1,15,35,20,30,85,28.33333333,2.17,5.79,0.17,0.13,0.13,0.143,0.141,13.1,11.6,8.6,20,40,40
138,ref_3,ref,ref,zdown,138refD,T3,NA,NA,20,40,30,10,80,26.66666667,1.97,5.83,0.16,0.25,0.12,0.13,NA,NA,NA,NA,20,40,40
138,ref_3,ref,ref,zdown,138refD,T4,354.3,5.43,5,60,10,25,95,31.66666667,1.21,4.57,0.09,0.71,0.51,0.261,0.192,13.2,11.63,8.62,35,30,35
138,ref_3,ref,ref,zdown,138refD,T5,NA,NA,15,20,30,35,85,28.33333333,1.68,4.57,0.32,0.12,0.17,0.203,NA,NA,NA,NA,30,40,30
138,ref_3,ref,ref,zdown,138refD,T6,352.1,5.33,20,30,15,35,80,26.66666667,2.19,6.21,0.13,0.59,0.02,0.168,0.093,13.2,11.72,8.61,25,40,35
139,ref_4,ref,ref,zdown,139refD,T0,268.2,3.13,20,25,25,30,80,26.66666667,1.24,7.72,0.1,0.08,0,0.06,0.062,4.4,13.21,8.36,NA,NA,NA
139,ref_4,ref,ref,zdown,139refD,T1,NA,NA,25,25,30,20,75,25,0.92,8.01,0,0.13,0.06,0.063,NA,NA,NA,NA,30,40,30
139,ref_4,ref,ref,zdown,139refD,T2,265.4,3.46,30,30,30,10,70,23.33333333,1.39,6.23,0.6,0.1,0.02,0.2,0.111,4.2,12.62,8.39,25,45,30
139,ref_4,ref,ref,zdown,139refD,T3,NA,NA,15,35,20,30,85,28.33333333,0.82,2.89,0.12,0.2,1.11,0.13,NA,NA,NA,NA,20,40,40
139,ref_4,ref,ref,zdown,139refD,T4,264.8,3.21,30,20,30,20,70,23.33333333,1.67,6.02,0.09,0.19,0.08,0.12,0.084,4.3,13,8.38,30,40,30
139,ref_4,ref,ref,zdown,139refD,T5,NA,NA,15,30,35,20,85,28.33333333,1.21,4.57,0,0,0.31,0.103,NA,NA,NA,NA,20,45,35
139,ref_4,ref,ref,zdown,139refD,T6,261.3,3.01,25,35,20,20,75,25,1.03,7.51,0.11,0.19,0.04,0.113,0.093,4.3,13.1,8.32,15,30,55
140,ref_5,ref,ref,zdown,140refD,T0,306.2,1.11,5,30,25,40,95,31.66666667,2.81,8.21,0.13,0.26,0,0.13,0.681,9.9,11.62,8.63,NA,NA,NA
140,ref_5,ref,ref,zdown,140refD,T1,NA,NA,10,35,30,25,90,30,2.2,9.1,0,0.13,0.09,0.073,NA,NA,NA,NA,10,50,40
140,ref_5,ref,ref,zdown,140refD,T2,305.6,1.05,15,20,40,30,90,30,3.94,10.62,0,0.19,0.11,0.1,0.631,9.5,11.61,8.65,10,30,60
140,ref_5,ref,ref,zdown,140refD,T3,NA,NA,15,25,35,25,85,28.33333333,3.14,9.13,0.1,0.17,0,0.09,NA,NA,NA,NA,10,40,50
140,ref_5,ref,ref,zdown,140refD,T4,303.4,1.16,10,30,40,20,90,30,3.4,6.62,0.17,0.2,0,0.123,0.657,9.4,11.7,8.6,10,60,30
140,ref_5,ref,ref,zdown,140refD,T5,NA,NA,5,20,45,30,95,31.66666667,1.63,8.13,0.03,0.15,0,0.06,NA,NA,NA,NA,15,45,40
140,ref_5,ref,ref,zdown,140refD,T6,306.3,1.06,10,25,30,35,90,30,1.21,11.92,0,0.19,0.17,0.12,0.701,9.5,11.73,8.63,5,50,45
141,ref_6,ref,ref,zdown,141refD,T0,210.3,2.94,30,20,25,25,70,23.33333333,1.12,5.65,0,0.21,0.12,0.11,0.171,7.2,10.33,8.62,NA,NA,NA
141,ref_6,ref,ref,zdown,141refD,T1,NA,NA,35,10,30,25,65,21.66666667,1.31,7.22,0.02,0.12,0.11,0.083,NA,NA,NA,NA,25,50,25
141,ref_6,ref,ref,zdown,141refD,T2,211.3,2.9,20,20,40,20,80,26.66666667,1.43,10.29,0,0.13,0.08,0.07,0.162,7.1,10.39,8.63,25,55,20
141,ref_6,ref,ref,zdown,141refD,T3,NA,NA,20,15,35,30,80,26.66666667,1.91,5.91,0,0.06,0.06,0.04,NA,NA,NA,NA,10,50,40
141,ref_6,ref,ref,zdown,141refD,T4,210.9,2.99,35,15,15,35,65,21.66666667,2.67,12.44,0.12,0.29,0.18,0.197,0.103,7.3,10.31,8.63,20,40,40
141,ref_6,ref,ref,zdown,141refD,T5,NA,NA,15,25,20,40,85,28.33333333,1.88,8.21,0,0.23,0.1,0.11,NA,NA,NA,NA,30,45,25
141,ref_6,ref,ref,zdown,141refD,T6,212.3,2.64,30,20,25,25,70,23.33333333,1.26,5.85,0.06,0.19,0.14,0.13,0.183,7.3,10.51,8.6,10,50,40
142,ref_7,ref,ref,zdown,142refD,T0,273.1,3.74,35,25,20,20,65,21.66666667,5.11,0.16,0.41,0.19,0.071,0.192,0.91,8.62,8.01,NA,NA,NA,NA
142,ref_7,ref,ref,zdown,142refD,T1,NA,NA,15,35,40,10,85,28.33333333,2.25,4.51,0.07,0.28,0.13,0.16,NA,NA,NA,NA,25,50,25
142,ref_7,ref,ref,zdown,142refD,T2,271.3,3.64,25,40,15,20,75,25,0.99,4.1,0.17,0.25,0,0.14,0.091,9.2,8.91,8.01,45,30,25
142,ref_7,ref,ref,zdown,142refD,T3,NA,NA,20,30,35,15,80,26.66666667,2.16,3.06,0.09,0.11,0.1,0.1,NA,NA,NA,NA,40,25,35
142,ref_7,ref,ref,zdown,142refD,T4,272.9,3.61,15,45,30,10,85,28.33333333,1.14,3.74,0.11,0.16,0.03,0.1,0.078,9.2,8.81,8.03,45,25,30
142,ref_7,ref,ref,zdown,142refD,T5,NA,NA,20,30,10,40,80,26.66666667,1.29,4.28,0,0.03,0.03,0.02,NA,NA,NA,NA,50,20,30
142,ref_7,ref,ref,zdown,142refD,T6,269.4,3.78,40,30,20,10,60,20,3.11,2.1,0.14,0.2,0.16,0.167,0.041,9.2,8.99,8.03,25,50,20
143,ref_8,ref,ref,zdown,143refD,T0,179.8,5.62,50,25,20,5,50,16.66666667,1.8,2.31,0.09,0.12,0,0.07,0.81,8.6,12.3,8.91,NA,NA,NA
143,ref_8,ref,ref,zdown,143refD,T1,NA,NA,75,5,10,10,25,8.333333333,2.4,2.82,0,0.16,0.21,0.123,NA,NA,NA,NA,50,25,25
143,ref_8,ref,ref,zdown,143refD,T2,177.4,5.55,60,30,5,5,40,13.33333333,2.2,2.98,0.12,0.22,0.06,0.11,0.072,8.5,12.6,8.13,30,15,55
143,ref_8,ref,ref,zdown,143refD,T3,NA,NA,50,25,10,15,50,16.66666667,2.8,1.37,0.08,0.17,0.16,0.13,NA,NA,NA,NA,20,60,20
143,ref_8,ref,ref,zdown,143refD,T4,178.1,5.79,45,45,0,10,55,18.33333333,2.1,2.56,0.16,0.36,0,0.12,0.031,8.5,12,8.87,70,15,15
143,ref_8,ref,ref,zdown,143refD,T5,NA,NA,60,15,10,15,40,13.33333333,1.1,1.63,0.15,0.09,0.06,0.1,NA,NA,NA,NA,30,50,20
143,ref_8,ref,ref,zdown,143refD,T6,180.9,5.34,75,5,5,15,25,8.333333333,1.9,2.31,0,0.28,0.13,0.137,0.071,8.5,12.1,8.89,55,20,25
144,ref_9,ref,ref,zdown,144refD,T0,283.6,2.76,50,25,20,5,50,16.66666667,2.62,2.72,0.5,0.53,0.49,0.43,0.062,8.6,8.12,8.31,NA,NA,NA
144,ref_9,ref,ref,zdown,144refD,T1,NA,NA,50,15,25,10,50,16.66666667,2.52,2.98,0.38,0.41,0.34,0.377,NA,NA,NA,NA,30,30,40
144,ref_9,ref,ref,zdown,144refD,T2,285.1,2.81,50,20,20,10,50,16.66666667,2.91,3.47,0.7,0.72,0.52,0.347,0.069,8.6,8.16,8.31,40,30,30
144,ref_9,ref,ref,zdown,144refD,T3,NA,NA,75,10,5,10,25,8.333333333,3.57,3.71,0.52,0.88,0.41,0.431,NA,NA,NA,NA,30,50,20
144,ref_9,ref,ref,zdown,144refD,T4,286.9,2.79,40,20,20,20,60,20,2.23,2.23,0.41,0.56,0.23,0.4,0.072,8.6,8.21,8.32,55,25,20
144,ref_9,ref,ref,zdown,144refD,T5,NA,NA,50,20,20,10,50,16.66666667,3.16,3.16,0.13,0.21,0.16,0.167,NA,NA,NA,NA,25,15,60
144,ref_9,ref,ref,zdown,144refD,T6,284.3,2.55,40,10,30,20,60,20,2.13,2.37,0.72,0.93,0.8,0.48,0.053,8.6,8.39,8.21,75,5,20
145,ref_10,ref,ref,zdown,145refD,T0,196.2,3.62,35,15,25,25,65,21.66666667,1.96,6.56,0.16,0.21,0,0.123,0.053,9.6,8.42,8.31,NA,NA,NA
145,ref_10,ref,ref,zdown,145refD,T1,NA,NA,30,20,30,20,70,23.33333333,2.21,6.15,0.19,0.22,0,0.137,NA,NA,NA,NA,40,20,40
145,ref_10,ref,ref,zdown,145refD,T2,197.3,3.53,40,15,30,15,60,20,2.6,5.92,0.07,0.19,0.13,0.13,0.042,9.6,8.52,8.32,45,25,30
145,ref_10,ref,ref,zdown,145refD,T3,NA,NA,30,25,25,20,70,23.33333333,3.04,10.58,0.11,0.16,0,0.09,NA,NA,NA,NA,25,35,40
145,ref_10,ref,ref,zdown,145refD,T4,199.1,3.5,40,20,35,5,60,20,0.92,7.22,0.13,0.23,0.06,0.14,0.049,9.6,8.45,8.39,30,30,40
145,ref_10,ref,ref,zdown,145refD,T5,NA,NA,35,15,30,20,65,21.66666667,1.81,7.81,0,0.21,0.08,0.097,NA,NA,NA,NA,40,30,30
145,ref_10,ref,ref,zdown,145refD,T6,185.3,3.43,45,20,25,10,55,18.33333333,1.62,7.42,0.12,0.1,0.08,0.1,0.038,9.3,8.41,8.37,35,25,40
146,ref_11,ref,ref,zdown,146refD,T0,253.9,3.92,30,25,40,5,70,23.33333333,2.21,2.21,0.31,0.51,0.43,0.21,0.072,9.2,8.51,8.75,NA,NA,NA
146,ref_11,ref,ref,zdown,146refD,T1,NA,NA,40,30,30,0,60,20,2.11,2.16,0.64,0.82,0.61,0.53,NA,NA,NA,NA,25,40,35
146,ref_11,ref,ref,zdown,146refD,T2,255.4,3.63,35,20,35,10,65,21.66666667,1.93,1.93,0.32,0.61,0.52,0.31,0.063,9.3,8.49,8.76,40,30,30
146,ref_11,ref,ref,zdown,146refD,T3,NA,NA,40,10,30,20,60,20,1.69,1.69,0.13,0.33,0.31,0.257,NA,NA,NA,NA,25,45,30
146,ref_11,ref,ref,zdown,146refD,T4,256.34,3.67,35,30,25,10,65,21.66666667,2.17,2.17,0.06,0.21,0.13,0.133,0.051,9.3,8.31,8.71,50,15,35
146,ref_11,ref,ref,zdown,146refD,T5,NA,NA,50,10,30,10,50,16.66666667,1.8,1.82,0.21,0.51,0.46,0.36,NA,NA,NA,NA,20,40,40
146,ref_11,ref,ref,zdown,146refD,T6,254.3,3.84,40,25,20,15,60,20,2,2.21,0.04,0.14,0.18,0.12,0.059,9.3,8.32,8.77,20,50,30
